Timestamp,Raw_value_MQ2,Raw_value_MQ3,Raw_value_MQ4,Raw_value_MQ135,Raw_value_MQ6,Raw_value_MQ7,Raw_value_MQ8,Raw_value_MQ9, 
0,36921.6,14348.8,26905.6,20185.6,31072.0,21779.2,27110.4,17446.4
1,50016.0,28384.0,29958.4,40422.4,33305.6,26572.8,27488.0,24268.8
2,50291.2,31206.4,29081.6,39622.4,33606.4,27340.8,27814.4,25753.6
3,50630.4,30790.4,29427.2,41894.4,34118.4,28486.4,28012.8,27161.6
4,52492.8,32192.0,29760.0,36038.4,33536.0,27180.8,27974.4,23814.4
5,53152.0,32672.0,29408.0,35609.6,33926.4,27097.6,28038.4,23840.0
6,52832.0,32659.2,29830.4,37612.8,33472.0,26720.0,28051.2,23212.8
7,53177.6,31398.4,29939.2,42342.4,33491.2,26822.4,28076.8,21651.2
8,53260.8,30873.6,30176.0,41792.0,33299.2,26969.6,28089.6,21068.8
9,53574.4,31372.8,29984.0,40128.0,33107.2,26470.4,28057.6,21542.4
10,53619.2,31206.4,29900.8,42118.4,33164.8,26476.8,28070.4,21299.2
11,53907.2,31257.6,29849.6,40300.8,33030.4,26540.8,28083.2,21260.8
12,54028.8,31340.8,29696.0,40166.4,33171.2,26566.4,28070.4,21817.6
13,54035.2,30956.8,29676.8,42880.0,33222.4,26656.0,28089.6,21024.0
14,54195.2,31014.4,29523.2,41356.8,33184.0,26476.8,28134.4,21824.0
15,54310.4,31091.2,29408.0,41216.0,33158.4,26380.8,28089.6,21721.6
16,54617.6,30873.6,29465.6,42758.4,33260.8,26675.2,28147.2,20512.0
17,54579.2,31289.6,29440.0,41952.0,33004.8,26272.0,28134.4,21491.2
18,54803.2,31187.2,29273.6,42099.2,33132.8,26316.8,28134.4,21292.8
19,55116.8,30899.2,29459.2,42892.8,33452.8,26732.8,28230.4,20115.2
20,55040.0,31392.0,29235.2,41267.2,33132.8,26195.2,28243.2,21632.0
21,55340.8,31008.0,29388.8,42291.2,33024.0,26035.2,28249.6,20704.0
22,55500.8,31404.8,29337.6,41996.8,32889.6,25932.8,28281.6,20953.6
23,55609.6,31545.6,29324.8,41868.8,32921.6,25772.8,28339.2,20883.2
24,55840.0,31564.8,29452.8,41542.4,33062.4,25964.8,28371.2,20230.4
25,55820.8,31750.4,29472.0,41318.4,32992.0,25779.2,28396.8,20320.0
26,55763.2,31654.4,29504.0,41036.8,32870.4,25670.4,28416.0,20108.8
27,55724.8,31513.6,29702.4,41344.0,33043.2,25977.6,28486.4,19712.0
28,55974.4,32108.8,29600.0,40742.4,32819.2,25664.0,28499.2,19872.0
29,56012.8,32851.2,29907.2,40832.0,33254.4,26278.4,28492.8,19622.4
30,55904.0,32070.4,29920.0,40608.0,33312.0,26643.2,28505.6,19552.0
31,56115.2,32819.2,29843.2,39904.0,32800.0,25817.6,28576.0,19417.6
32,56160.0,33139.2,29952.0,39769.6,32998.4,26176.0,28601.6,19449.6
33,55897.6,33862.4,30208.0,39712.0,32806.4,26201.6,28614.4,19539.2
34,56371.2,33958.4,30003.2,38790.4,32723.2,25670.4,28684.8,19334.4
35,55878.4,35193.6,30246.4,39302.4,32736.0,26310.4,28704.0,19398.4
36,56230.4,36096.0,30336.0,38790.4,32710.4,26144.0,28768.0,19315.2
37,55801.6,35123.2,30592.0,39353.6,32652.8,26400.0,28742.4,19564.8
38,55692.8,36755.2,30790.4,38758.4,32678.4,26374.4,28806.4,19673.6
39,55910.4,36806.4,30745.6,38323.2,32576.0,26291.2,28838.4,19500.8
40,56416.0,37337.6,30566.4,37945.6,32588.8,25766.4,28896.0,19110.4
41,56140.8,38457.6,30784.0,37657.6,32576.0,26009.6,28915.2,19360.0
42,55942.4,38476.8,31059.2,38003.2,32569.6,26220.8,28960.0,19289.6
43,55411.2,39321.6,31468.8,38092.8,32512.0,26508.8,29024.0,19462.4
44,56390.4,40601.6,31059.2,37126.4,32595.2,26048.0,29062.4,19212.8
45,55552.0,39526.4,31936.0,38086.4,32524.8,26451.2,29081.6,19500.8
46,56108.8,41056.0,31328.0,36793.6,32537.6,25907.2,29100.8,19091.2
47,55955.2,42355.2,31718.4,37158.4,32588.8,26060.8,29139.2,19283.2
48,55680.0,41606.4,32115.2,37017.6,32460.8,26137.6,29164.8,19244.8
49,56121.6,41856.0,32032.0,36646.4,32480.0,25964.8,29196.8,18963.2
50,55430.4,42956.8,32396.8,37113.6,32460.8,26137.6,29216.0,19379.2
51,55968.0,43072.0,32390.4,36224.0,32556.8,26028.8,29254.4,19283.2
52,56275.2,42886.4,32499.2,36409.6,32588.8,25824.0,29248.0,19321.6
53,56006.4,43462.4,32582.4,35955.2,32588.8,25862.4,29254.4,19136.0
54,54649.6,45011.2,33376.0,36563.2,32409.6,26054.4,29286.4,19513.6
55,56121.6,44371.2,32825.6,35923.2,32550.4,25561.6,29260.8,19424.0
56,55225.6,43955.2,33510.4,36505.6,32364.8,26016.0,29254.4,19168.0
57,55584.0,46080.0,33062.4,35302.4,32576.0,25785.6,29280.0,19494.4
58,56345.6,46707.2,32806.4,35315.2,32473.6,25785.6,29267.2,19308.8
59,56358.4,46259.2,32889.6,34963.2,32627.2,25580.8,29299.2,19481.6
60,54553.6,46451.2,34169.6,35948.8,32409.6,26009.6,29356.8,19372.8
61,56275.2,47116.8,32934.4,34662.4,32601.6,25868.8,29350.4,19564.8
62,54707.2,47014.4,34297.6,35859.2,32422.4,26099.2,29401.6,19225.6
64,56160.0,47494.4,33440.0,34713.6,32569.6,25772.8,29395.2,19276.8
65,53593.6,47577.6,34982.4,36012.8,32435.2,26156.8,29408.0,19449.6
66,53785.6,47456.0,35020.8,35865.6,32448.0,26220.8,29478.4,19494.4
67,55724.8,48262.4,33920.0,34643.2,32576.0,25900.8,29446.4,19315.2
68,54259.2,48307.2,35008.0,35712.0,32480.0,26073.6,29491.2,19347.2
69,53408.0,47897.6,35552.0,35788.8,32428.8,26348.8,29484.8,19168.0
70,55193.6,48838.4,34272.0,34291.2,32620.8,25952.0,29459.2,19379.2
71,54227.2,49184.0,35116.8,34995.2,32467.2,26137.6,29516.8,19379.2
72,52921.6,49548.8,35436.8,35052.8,32460.8,26406.4,29484.8,19404.8
73,54054.4,49433.6,35052.8,34470.4,32480.0,26464.0,29472.0,19123.2
74,53337.6,49868.8,35532.8,35052.8,32364.8,26336.0,29497.6,19321.6
75,54054.4,49145.6,35494.4,34841.6,32409.6,26144.0,29465.6,19212.8
76,53036.8,50406.4,35443.2,34681.6,32396.8,26636.8,29529.6,19180.8
77,53241.6,49792.0,35648.0,34617.6,32512.0,26272.0,29484.8,19411.2
78,53548.8,49683.2,35705.6,35033.6,32550.4,26022.4,29484.8,19366.4
79,54201.6,50144.0,35052.8,33984.0,32550.4,26278.4,29504.0,19404.8
80,54553.6,50547.2,34643.2,33414.4,32595.2,26227.2,29491.2,19526.4
81,54873.6,49555.2,34982.4,33388.8,32684.8,26240.0,29497.6,19532.8
82,54566.4,50598.4,34739.2,33337.6,32640.0,26521.6,29459.2,19680.0
83,54073.6,50041.6,35475.2,33939.2,32588.8,26188.8,29478.4,19308.8
84,54316.8,50067.2,35449.6,33683.2,32595.2,26182.4,29484.8,19392.0
85,55507.2,50675.2,34387.2,33004.8,32652.8,26265.6,29446.4,19603.2
86,52793.6,50656.0,35872.0,33868.8,32537.6,26476.8,29523.2,19417.6
87,55641.6,50553.6,34368.0,32883.2,32710.4,26118.4,29440.0,19884.8
88,54547.2,50592.0,35379.2,33715.2,32588.8,26214.4,29465.6,19513.6
89,55443.2,50777.6,34284.8,32326.4,32736.0,26169.6,29484.8,19744.0
90,53862.4,51052.8,35366.4,33440.0,32742.4,25964.8,29465.6,20038.4
91,54924.8,50841.6,34726.4,32646.4,32761.6,26201.6,29440.0,19968.0
92,53561.6,50924.8,35712.0,33580.8,32691.2,26188.8,29420.8,19776.0
93,57145.6,50284.8,33644.8,31667.2,32876.8,26284.8,29388.8,20032.0
94,54169.6,50796.8,35532.8,33612.8,32659.2,26048.0,29369.6,19852.8
95,55820.8,50720.0,34361.6,32121.6,32787.2,26265.6,29382.4,20032.0
96,54867.2,51110.4,34604.8,32172.8,32652.8,26380.8,29401.6,20153.6
97,53939.2,51200.0,35315.2,32896.0,32518.4,26496.0,29452.8,19590.4
98,54323.2,50732.8,35398.4,32710.4,32729.6,26310.4,29433.6,20000.0
99,55628.8,50828.8,34144.0,31635.2,32768.0,26604.8,29408.0,20128.0
100,56390.4,50483.2,34060.8,31782.4,32716.8,26214.4,29382.4,20096.0
101,52115.2,50822.4,36460.8,34246.4,32499.2,26662.4,29446.4,19417.6
102,53996.8,51084.8,35129.6,32268.8,32691.2,26764.8,29472.0,19545.6
103,54118.4,51206.4,35302.4,32710.4,32563.2,26579.2,29459.2,19744.0
104,52883.2,50950.4,35974.4,33427.2,32537.6,26393.6,29465.6,19552.0
105,54003.2,51334.4,35084.8,32224.0,32652.8,26380.8,29427.2,19692.8
106,52384.0,51564.8,35635.2,32550.4,32614.4,26777.6,29446.4,19705.6
107,55622.4,50860.8,34227.2,31347.2,32825.6,26400.0,29414.4,20064.0
108,53715.2,50969.6,35520.0,32627.2,32633.6,26483.2,29446.4,19712.0
109,51884.8,51244.8,36012.8,32902.4,32601.6,27001.6,29472.0,19430.4
110,54329.6,50867.2,35212.8,32396.8,32652.8,26432.0,29414.4,19456.0
111,54835.2,50944.0,34771.2,31820.8,32736.0,26329.6,29376.0,19916.8
112,54406.4,50976.0,34624.0,31334.4,32806.4,26681.6,29324.8,19936.0
113,53132.8,50707.2,35916.8,33216.0,32665.6,25836.8,29331.2,19801.6
114,53440.0,51168.0,35116.8,32384.0,32646.4,26316.8,29344.0,19878.4
115,54688.0,50809.6,34752.0,31974.4,32659.2,26400.0,29337.6,19897.6
116,53824.0,50732.8,35539.2,33004.8,32569.6,26041.6,29337.6,19756.8
117,51590.4,50931.2,35987.2,33344.0,32569.6,26208.0,29388.8,19769.6
118,52128.0,50969.6,35865.6,32921.6,32563.2,26937.6,29414.4,19302.4
119,52902.4,51136.0,35404.8,32460.8,32582.4,26662.4,29395.2,19865.6
120,52435.2,51206.4,35308.8,31968.0,32646.4,26905.6,29420.8,19763.2
121,53017.6,50969.6,35084.8,31852.8,32710.4,26483.2,29363.2,19686.4
122,52812.8,50976.0,35392.0,32012.8,32800.0,26438.4,29356.8,19833.6
123,53120.0,51110.4,35065.6,32076.8,32531.2,26400.0,29369.6,19865.6
124,54400.0,50726.4,34534.4,31136.0,32716.8,26336.0,29324.8,20019.2
125,53222.4,51027.2,35046.4,31699.2,32627.2,27180.8,29356.8,19360.0
126,52934.4,50745.6,35257.6,32403.2,32646.4,25900.8,29344.0,19801.6
127,52864.0,50867.2,35404.8,32345.6,32563.2,26604.8,29324.8,19366.4
128,52972.8,50566.4,35315.2,31718.4,32691.2,26547.2,29337.6,19468.8
129,53241.6,50713.6,35148.8,31520.0,32697.6,26720.0,29273.6,19846.4
130,54156.8,50713.6,34508.8,31238.4,32729.6,26688.0,29267.2,19891.2
131,53689.6,50380.8,35200.0,32371.2,32595.2,26060.8,29267.2,19699.2
132,52550.4,50816.0,35180.8,31686.4,32582.4,26547.2,29305.6,19686.4
133,52524.8,50803.2,35110.4,31673.6,32627.2,26508.8,29280.0,19801.6
134,52512.0,50790.4,34918.4,31264.0,32601.6,27142.4,29337.6,19590.4
135,51827.2,50214.4,35929.6,33248.0,32448.0,26419.2,29331.2,19392.0
136,52345.6,50393.6,35385.6,32096.0,32588.8,26656.0,29305.6,19385.6
137,52070.4,50425.6,35392.0,32108.8,32582.4,26585.6,29280.0,19500.8
138,51564.8,50483.2,35641.6,32076.8,32556.8,26470.4,29331.2,19545.6
139,52236.8,50521.6,35379.2,31820.8,32608.0,26534.4,29312.0,19686.4
140,54252.8,50188.8,34585.6,31462.4,32652.8,26348.8,29260.8,19872.0
141,53203.2,49267.2,35590.4,32550.4,32659.2,25536.0,29241.6,19724.8
142,51808.0,50412.8,35430.4,31769.6,32620.8,26118.4,29267.2,19750.4
143,53414.4,49971.2,35052.8,32326.4,32531.2,25849.6,29267.2,19475.2
144,51513.6,49984.0,35852.8,32467.2,32608.0,25958.4,29254.4,19462.4
145,52358.4,50060.8,35372.8,31718.4,32550.4,26272.0,29260.8,19232.0
146,51462.4,50387.2,35584.0,32275.2,32454.4,26630.4,29280.0,19302.4
147,52486.4,50067.2,35123.2,31724.8,32531.2,25977.6,29228.8,19641.6
148,53190.4,50348.8,34041.6,30028.8,32678.4,26969.6,29203.2,19680.0
149,52217.6,50112.0,35219.2,32377.6,32435.2,25856.0,29216.0,19552.0
150,51110.4,49664.0,35577.6,32800.0,32537.6,25568.0,29216.0,19673.6
151,50368.0,49708.8,35801.6,32979.2,32467.2,26112.0,29209.6,19456.0
152,50016.0,49382.4,35897.6,33491.2,32499.2,25721.6,29260.8,19552.0
153,50291.2,50048.0,35520.0,32307.2,32358.4,26022.4,29241.6,19603.2
154,51705.6,50265.6,34163.2,29900.8,32736.0,27353.6,29248.0,19436.8
155,50796.8,49945.6,35398.4,32460.8,32460.8,26182.4,29248.0,19737.6
156,52236.8,50060.8,34681.6,30803.2,32582.4,26739.2,29235.2,19552.0
157,50579.2,49792.0,35686.4,32345.6,32403.2,26195.2,29260.8,19321.6
158,50214.4,50016.0,35379.2,32224.0,32377.6,25785.6,29260.8,19859.2
159,50969.6,49305.6,35468.8,32998.4,32428.8,25638.4,29235.2,19417.6
160,50201.6,49472.0,35321.6,32262.4,32518.4,25644.8,29228.8,19545.6
161,51724.8,49542.4,34931.2,32307.2,32448.0,25824.0,29216.0,19526.4
162,49209.6,49420.8,35878.4,32780.8,32390.4,26195.2,29260.8,19481.6
163,51923.2,49600.0,34867.2,31686.4,32505.6,25580.8,29177.6,19443.2
164,50380.8,49811.2,35129.6,30681.6,32659.2,26886.4,29177.6,19481.6
165,51436.8,49548.8,34956.8,31488.0,32441.6,25779.2,29158.4,19360.0
166,50470.4,49798.4,35142.4,31008.0,32467.2,26924.8,29216.0,19225.6
167,52268.8,49510.4,34502.4,30432.0,32531.2,25939.2,29184.0,19635.2
168,50240.0,49491.2,35366.4,32384.0,32243.2,26009.6,29164.8,19436.8
169,50860.8,49292.8,35097.6,30963.2,32396.8,26233.6,29196.8,19468.8
170,50950.4,49350.4,35091.2,32012.8,32256.0,25868.8,29203.2,19577.6
171,50028.8,48992.0,35424.0,31942.4,32313.6,26060.8,29228.8,19417.6
172,51072.0,48691.2,35116.8,32243.2,32428.8,25427.2,29177.6,19360.0
173,49670.4,49363.2,35392.0,32076.8,32281.6,26393.6,29222.4,19289.6
174,50284.8,49081.6,35174.4,31993.6,32300.8,26009.6,29190.4,19340.8
175,49945.6,48851.2,35328.0,32153.6,32396.8,25612.8,29196.8,19456.0
176,50521.6,49024.0,35033.6,31603.2,32377.6,26118.4,29190.4,19161.6
177,50086.4,49254.4,35072.0,31059.2,32454.4,27296.0,29152.0,19168.0
178,49708.8,49030.4,35296.0,31968.0,32230.4,26579.2,29184.0,19078.4
179,51129.6,49216.0,34643.2,30291.2,32467.2,26822.4,29164.8,19219.2
180,50560.0,49318.4,34489.6,29651.2,32608.0,28044.8,29145.6,19020.8
181,50822.4,49369.6,34425.6,30252.8,32275.2,27392.0,29145.6,19449.6
182,50598.4,49363.2,33984.0,28518.4,32787.2,29772.8,29113.6,18540.8
183,51833.6,49062.4,33260.8,28051.2,33094.4,29273.6,29088.0,19142.4
184,51302.4,48787.2,32659.2,27532.8,33363.2,31116.8,29036.8,18905.6
185,50976.0,48793.6,32563.2,27372.8,33574.4,31737.6,29056.0,18790.4
186,51622.4,48838.4,33536.0,28371.2,32633.6,29203.2,29024.0,18982.4
187,51750.4,48486.4,32236.8,27283.2,33312.0,31078.4,29043.2,18694.4
188,54419.2,45977.6,31648.0,26796.8,32979.2,31897.6,29068.8,18963.2
189,54720.0,44627.2,31270.4,26470.4,33273.6,34867.2,29100.8,19321.6
190,54201.6,46124.8,31891.2,26950.4,33049.6,32294.4,29049.6,19046.4
191,52364.8,48096.0,32640.0,27379.2,32908.8,30496.0,29017.6,18867.2
192,51315.2,47737.6,32160.0,26886.4,33798.4,32032.0,29011.2,18624.0
193,52569.6,47206.4,32230.4,26995.2,33164.8,32550.4,29075.2,18764.8
194,53792.0,46086.4,31616.0,26444.8,33209.6,32185.6,29081.6,18848.0
195,55705.6,44448.0,31513.6,26675.2,33011.2,30598.4,29024.0,19001.6
196,56320.0,44928.0,31532.8,26745.6,32928.0,29830.4,28972.8,19424.0
197,54476.8,45804.8,31865.6,26688.0,32857.6,30732.8,29004.8,19078.4
198,52499.2,46854.4,31961.6,26745.6,32998.4,31347.2,28979.2,18777.6
199,53881.6,45363.2,31904.0,26412.8,33235.2,31820.8,29011.2,18726.4
200,53145.6,45907.2,31692.8,26502.4,33216.0,32211.2,28947.2,18784.0
201,54067.2,45024.0,31513.6,26528.0,33011.2,32422.4,28966.4,18790.4
202,55942.4,45088.0,31545.6,26464.0,32710.4,29689.6,28934.4,19097.6
203,55980.8,44505.6,31411.2,26348.8,32806.4,30028.8,28960.0,19244.8
204,55865.6,44345.6,31571.2,26656.0,32563.2,29523.2,28908.8,19027.2
205,57286.4,42028.8,31251.2,26374.4,33049.6,29996.8,28844.8,19225.6
206,57075.2,42809.6,31347.2,26355.2,32838.4,29849.6,28864.0,19110.4
207,54707.2,43264.0,31392.0,26342.4,33446.4,32217.6,28896.0,19110.4
208,54732.8,43046.4,31264.0,26316.8,33305.6,33382.4,28902.4,19129.6
209,56998.4,41913.6,31270.4,26425.6,32928.0,29683.2,28908.8,18899.2
211,56332.8,43430.4,31443.2,26476.8,32985.6,28256.0,28812.8,18867.2
212,56723.2,43302.4,31315.2,26188.8,32953.6,29184.0,28819.2,18937.6
213,55014.4,42681.6,31097.6,25824.0,33292.8,32396.8,28851.2,18739.2
214,56710.4,42636.8,31372.8,26387.2,32940.8,28556.8,28806.4,18835.2
215,56761.6,44448.0,31635.2,26515.2,32851.2,26022.4,28774.4,18400.0
216,57145.6,44217.6,31820.8,26700.8,32992.0,26003.2,28806.4,18278.4
217,55692.8,43603.2,31392.0,26329.6,33004.8,28755.2,28787.2,18841.6
218,55392.0,44211.2,31648.0,26246.4,32780.8,28857.6,28825.6,18841.6
219,55456.0,45235.2,32640.0,27200.0,33011.2,25792.0,28755.2,18387.2
220,55635.2,44512.0,32211.2,26905.6,32902.4,26438.4,28729.6,18630.4
221,55072.0,43244.8,31411.2,26073.6,32947.2,29868.8,28755.2,18912.0
222,56108.8,43238.4,31353.6,26137.6,33049.6,28672.0,28768.0,18790.4
223,56966.4,42252.8,31072.0,25932.8,32876.8,28352.0,28748.8,18963.2
224,57126.4,40742.4,31001.6,25907.2,32985.6,30035.2,28755.2,19008.0
225,54905.6,45062.4,32300.8,26892.8,32684.8,25753.6,28704.0,18528.0
226,55820.8,43865.6,31884.8,26502.4,32755.2,26156.8,28723.2,18508.8
227,55072.0,44800.0,32428.8,27014.4,32678.4,25049.6,28691.2,18688.0
228,55481.6,44230.4,31865.6,26451.2,32684.8,25740.8,28665.6,18560.0
229,54240.0,42528.0,31264.0,26009.6,33228.8,29740.8,28710.4,18732.8
230,56940.8,41100.8,31174.4,25881.6,32844.8,28134.4,28710.4,18790.4
231,56684.8,40940.8,31040.0,25932.8,33036.8,29056.0,28716.8,18931.2
232,56563.2,43008.0,31462.4,25900.8,32992.0,26156.8,28697.6,18457.6
233,55353.6,42329.6,31148.8,25856.0,32889.6,29254.4,28736.0,18790.4
234,55168.0,42886.4,31315.2,25907.2,32755.2,29100.8,28704.0,18790.4
235,55750.4,43436.8,31686.4,26272.0,32838.4,25657.6,28652.8,18476.8
236,54572.8,45056.0,32659.2,26860.8,32748.8,24620.8,28684.8,18476.8
237,55417.6,41753.6,31174.4,25747.2,33120.0,29113.6,28716.8,18752.0
238,54336.0,45299.2,32268.8,26784.0,32844.8,25363.2,28704.0,18464.0
239,55846.4,41606.4,31180.8,25843.2,32921.6,28800.0,28710.4,18867.2
240,56486.4,42694.4,31411.2,25958.4,32966.4,26208.0,28678.4,18643.2
241,55827.2,41324.8,31155.2,25836.8,32928.0,28812.8,28659.2,18835.2
242,56518.4,39712.0,30963.2,25504.0,32966.4,29644.8,28691.2,18835.2
243,54854.4,41484.8,30905.6,25504.0,33056.0,31001.6,28672.0,18905.6
244,55276.8,41068.8,30950.4,25568.0,32825.6,30233.6,28678.4,18841.6
245,55948.8,39942.4,30880.0,25292.8,32960.0,30406.4,28697.6,18867.2
246,55814.4,40825.6,31180.8,25593.6,32768.0,28774.4,28646.4,18860.8
247,55648.0,40947.2,31244.8,25689.6,32768.0,28236.8,28665.6,18796.8
248,55692.8,40544.0,30988.8,25516.8,32883.2,29465.6,28646.4,18912.0
249,55494.4,42099.2,31219.2,25811.2,32832.0,27353.6,28627.2,18700.8
250,56185.6,40595.2,30982.4,25568.0,32870.4,28537.6,28652.8,18828.8
251,56396.8,41843.2,31193.6,25568.0,32857.6,26572.8,28614.4,18534.4
252,55872.0,39513.6,30816.0,25273.6,32953.6,29920.0,28659.2,18675.2
253,55116.8,42540.8,31507.2,25753.6,32774.4,26976.0,28652.8,18720.0
254,55059.2,43052.8,31481.6,25676.8,33075.2,27123.2,28652.8,18643.2
255,56204.8,42393.6,31155.2,25536.0,32992.0,26784.0,28633.6,18784.0
256,55129.6,42060.8,31456.0,25785.6,32851.2,27193.6,28646.4,18790.4
257,55366.4,42720.0,31731.2,25542.4,32774.4,26310.4,28652.8,18598.4
258,55072.0,42124.8,31251.2,25350.4,32729.6,27468.8,28620.8,18662.4
259,55289.6,43219.2,31904.0,25900.8,33203.2,25068.8,28601.6,18508.8
260,56192.0,41260.8,31372.8,25779.2,33100.8,25971.2,28576.0,18592.0
261,50412.8,45452.8,33382.4,27744.0,32371.2,25753.6,28608.0,19142.4
262,54771.2,41939.2,31302.4,25561.6,32870.4,27680.0,28614.4,18636.8
263,55238.4,41158.4,31456.0,26041.6,32716.8,26848.0,28582.4,18822.4
264,55936.0,39916.8,30848.0,25164.8,32908.8,28339.2,28608.0,18848.0
265,54873.6,41785.6,31321.6,25593.6,32768.0,26918.4,28588.8,18707.2
266,54374.4,42240.0,31712.0,26073.6,32755.2,26700.8,28569.6,18726.4
267,55180.8,42028.8,31270.4,25427.2,32889.6,26784.0,28582.4,18611.2
268,54547.2,42796.8,31212.8,25388.8,32908.8,27052.8,28620.8,18662.4
269,53824.0,42329.6,31136.0,25004.8,32844.8,29318.4,28672.0,18732.8
270,51763.2,44275.2,32268.8,25913.6,32896.0,27520.0,28678.4,18950.4
271,51398.4,44851.2,32819.2,26470.4,32844.8,25804.8,28614.4,18809.6
272,53580.8,41875.2,31078.4,25190.4,32972.8,29996.8,28672.0,18796.8
273,54233.6,43168.0,31276.8,25241.6,32723.2,27859.2,28672.0,18489.6
274,51622.4,43449.6,31846.4,25868.8,32646.4,29043.2,28646.4,19091.2
275,53913.6,42592.0,31155.2,25228.8,32704.0,28262.4,28620.8,18873.6
276,52761.6,42240.0,30809.6,25088.0,33139.2,30054.4,28633.6,18771.2
277,52352.0,43782.4,32300.8,26329.6,32672.0,26790.4,28588.8,18982.4
278,53574.4,41683.2,31046.4,25676.8,33068.8,30784.0,28595.2,19155.2
279,53651.2,43308.8,31872.0,25446.4,32672.0,26579.2,28544.0,18771.2
280,54483.2,41516.8,30547.2,24627.2,33235.2,28537.6,28659.2,18937.6
281,52761.6,42515.2,31692.8,25670.4,32672.0,27110.4,28576.0,18784.0
282,54464.0,40416.0,30924.8,24972.8,32723.2,29600.0,28640.0,18809.6
283,54003.2,42361.6,31494.4,25427.2,32793.6,27161.6,28614.4,18777.6
284,53664.0,42163.2,31468.8,25548.8,32678.4,27609.6,28576.0,18784.0
285,54758.4,41024.0,30784.0,24761.6,33068.8,29472.0,28633.6,18720.0
286,52908.8,41843.2,31468.8,25388.8,32729.6,28121.6,28588.8,18745.6
287,50713.6,43852.8,31865.6,25920.0,32569.6,29209.6,28627.2,19040.0
288,54393.6,40800.0,30835.2,24812.8,32908.8,28448.0,28646.4,18572.8
289,54304.0,42067.2,31059.2,25171.2,32819.2,27392.0,28595.2,18816.0
290,53395.2,40268.8,31225.6,25331.2,32998.4,29772.8,28614.4,18988.8
291,53811.2,43347.2,31897.6,25548.8,32665.6,25004.8,28582.4,18387.2
292,54252.8,42112.0,31084.8,24857.6,32985.6,26118.4,28640.0,18713.6
293,53606.4,40704.0,30803.2,25056.0,33401.6,30560.0,28550.4,19001.6
294,53862.4,42726.4,31392.0,25209.6,32761.6,26086.4,28537.6,18604.8
295,54304.0,41184.0,31020.8,25011.2,32710.4,27059.2,28518.4,18617.6
296,53952.0,42438.4,31756.8,25139.2,32800.0,25382.4,28531.2,18489.6
297,53158.4,43020.8,31660.8,25427.2,32857.6,25433.6,28486.4,18720.0
298,55091.2,40192.0,30585.6,24748.8,33024.0,27155.2,28550.4,18848.0
299,52224.0,43206.4,32544.0,26252.8,32480.0,25561.6,28531.2,18624.0
300,54681.6,41548.8,31372.8,25043.2,33094.4,25625.6,28563.2,18534.4
301,54054.4,40857.6,30924.8,24940.8,32940.8,27443.2,28550.4,18739.2
302,54764.8,40441.6,30758.4,24678.4,32889.6,27302.4,28569.6,18528.0
303,54662.4,41113.6,30656.0,24684.8,33497.6,26310.4,28531.2,18624.0
304,53868.8,41817.6,31270.4,25132.8,32915.2,25881.6,28550.4,18540.8
305,54675.2,42208.0,30886.4,25075.2,32947.2,25273.6,28563.2,18809.6
306,53280.0,42259.2,31820.8,25292.8,32748.8,25804.8,28576.0,18931.2
307,52992.0,43379.2,31571.2,25235.2,32832.0,24588.8,28531.2,18764.8
308,52595.2,43641.6,32371.2,26137.6,32908.8,24403.2,28563.2,18572.8
309,53536.0,42342.4,31244.8,25075.2,32697.6,25241.6,28531.2,18688.0
310,52147.2,44012.8,32147.2,25824.0,32768.0,24185.6,28556.8,18528.0
311,51219.2,44064.0,32544.0,25766.4,32812.8,24166.4,28524.8,18784.0
312,53260.8,43276.8,31603.2,25318.4,32812.8,24153.6,28492.8,18483.2
313,55270.4,40294.4,30758.4,24659.2,32889.6,24736.0,28441.6,18412.8
314,53523.2,42611.2,31769.6,25478.4,33100.8,23814.4,28460.8,18291.2
315,54841.6,41472.0,31001.6,24896.0,32768.0,24268.8,28448.0,18361.6
316,52998.4,43206.4,32096.0,25612.8,32934.4,23712.0,28448.0,18451.2
317,53849.6,39424.0,30592.0,24524.8,32729.6,27756.8,28499.2,18521.6
318,54080.0,41254.4,31296.0,25286.4,32710.4,24652.8,28460.8,18585.6
319,55180.8,40742.4,30790.4,24659.2,32883.2,24723.2,28460.8,18515.2
320,54617.6,39328.0,30700.8,24633.6,32601.6,26745.6,28505.6,18566.4
321,54924.8,38656.0,30425.6,24409.6,33030.4,27481.6,28499.2,18643.2
322,53760.0,42169.6,31494.4,25152.0,32659.2,24288.0,28460.8,18451.2
323,54342.4,40614.4,30918.4,24812.8,32659.2,25312.0,28454.4,18515.2
324,54176.0,41913.6,31219.2,25094.4,32825.6,24083.2,28428.8,18470.4
325,54982.4,39315.2,30540.8,24422.4,32806.4,26163.2,28460.8,18483.2
326,52678.4,39769.6,30867.2,24582.4,32755.2,28198.4,28486.4,18528.0
327,53504.0,41721.6,31846.4,25260.8,32812.8,24787.2,28499.2,18380.8
328,52102.4,42771.2,32320.0,25817.6,32768.0,24102.4,28492.8,18380.8
329,53382.4,42227.2,31417.6,24940.8,32595.2,24128.0,28486.4,18451.2
330,54361.6,40576.0,31001.6,24652.8,32697.6,24704.0,28403.2,18387.2
331,53318.4,42585.6,31680.0,25235.2,32857.6,23584.0,28454.4,18374.4
332,53292.8,42624.0,31737.6,25324.8,33088.0,23398.4,28454.4,18438.4
333,53606.4,41452.8,31686.4,25171.2,32870.4,23660.8,28428.8,18291.2
334,53734.4,40038.4,30598.4,24563.2,32691.2,26041.6,28409.6,18528.0
335,55027.2,40345.6,30547.2,24422.4,32736.0,24998.4,28403.2,18547.2
336,54182.4,40576.0,30816.0,24505.6,32691.2,25369.6,28409.6,18540.8
337,53440.0,41254.4,31180.8,24889.6,32697.6,24262.4,28416.0,18476.8
338,52883.2,41420.8,31398.4,25036.8,32556.8,24460.8,28454.4,18585.6
339,53529.6,41472.0,30848.0,24403.2,32832.0,25024.0,28467.2,18476.8
340,51257.6,42771.2,32044.8,25369.6,32499.2,24940.8,28454.4,18611.2
341,51462.4,43155.2,32064.0,25382.4,32729.6,23904.0,28460.8,18579.2
342,53856.0,40000.0,30720.0,24345.6,32697.6,25881.6,28460.8,18457.6
343,53152.0,41548.8,31737.6,25305.6,32652.8,23897.6,28448.0,18425.6
344,53145.6,41472.0,31852.8,25216.0,32697.6,24044.8,28480.0,18387.2
345,53235.2,41408.0,31539.2,24857.6,32729.6,24185.6,28467.2,18419.2
346,53222.4,41120.0,31142.4,24646.4,32512.0,24883.2,28460.8,18163.2
347,54528.0,40166.4,30790.4,24390.4,32608.0,24870.4,28454.4,18291.2
348,53376.0,41497.6,31456.0,24736.0,32556.8,24371.2,28448.0,18297.6
349,53811.2,40006.4,30636.8,24364.8,32761.6,24851.2,28364.8,18380.8
350,52812.8,41414.4,31315.2,24646.4,32819.2,24198.4,28416.0,18169.6
351,53216.0,41600.0,31072.0,24633.6,32678.4,23865.6,28441.6,18297.6
352,52985.6,41862.4,31430.4,24691.2,32518.4,23916.8,28396.8,18419.2
353,53484.8,40672.0,30796.8,24211.2,32460.8,24985.6,28428.8,18259.2
354,54105.6,39366.4,30496.0,24364.8,32806.4,25900.8,28435.2,18502.4
355,52870.4,41094.4,31424.0,24979.2,32678.4,24147.2,28416.0,18278.4
356,52723.2,41721.6,31443.2,24672.0,32531.2,24006.4,28454.4,18387.2
357,52326.4,42124.8,31404.8,24697.6,32633.6,23852.8,28422.4,18579.2
359,50668.8,42931.2,32499.2,25721.6,32620.8,23379.2,28460.8,18342.4
360,52736.0,41824.0,31180.8,24716.8,32640.0,23808.0,28467.2,18470.4
361,48979.2,43398.4,32883.2,26777.6,32409.6,23264.0,28512.0,18560.0
362,52051.2,42496.0,31763.2,25004.8,32608.0,23334.4,28467.2,18496.0
363,52179.2,42419.2,31596.8,24908.8,32876.8,23360.0,28467.2,18451.2
364,53491.2,38944.0,30406.4,24070.4,32672.0,26745.6,28473.6,18483.2
365,53516.8,38752.0,30489.6,24102.4,32716.8,26777.6,28422.4,18451.2
366,52281.6,42208.0,31507.2,24595.2,32748.8,23769.6,28454.4,18496.0
367,52768.0,40569.6,30764.8,24230.4,32576.0,25356.8,28486.4,18316.8
368,51488.0,42182.4,32441.6,25651.2,32332.8,23353.6,28473.6,18156.8
369,54176.0,39596.8,30707.2,24108.8,32710.4,24652.8,28435.2,18380.8
370,53856.0,39366.4,30579.2,24147.2,32646.4,24896.0,28390.4,18368.0
371,52787.2,41248.0,31699.2,24838.4,32646.4,23916.8,28454.4,18278.4
372,52678.4,41779.2,31020.8,24300.8,32608.0,23699.2,28396.8,18387.2
373,52128.0,41395.2,31705.6,24953.6,32537.6,23840.0,28422.4,18393.6
374,49689.6,43104.0,32288.0,25190.4,32313.6,23884.8,28428.8,18208.0
375,52409.6,41587.2,30848.0,24288.0,32627.2,24646.4,28486.4,18451.2
376,51641.6,42329.6,31552.0,24691.2,32601.6,23398.4,28460.8,18476.8
377,52966.4,40825.6,30643.2,24192.0,32672.0,24614.4,28428.8,18521.6
378,53158.4,40787.2,30918.4,24556.8,32793.6,23558.4,28428.8,18380.8
379,51782.4,41702.4,31283.2,24544.0,32460.8,23763.2,28403.2,18304.0
380,51872.0,41184.0,31008.0,24102.4,32441.6,24985.6,28454.4,18246.4
381,51987.2,41292.8,31660.8,24729.6,32512.0,24044.8,28428.8,18150.4
382,51545.6,41043.2,30822.4,24134.4,32672.0,25209.6,28441.6,18240.0
383,52076.8,41740.8,31532.8,24806.4,32652.8,23417.6,28454.4,18444.8
384,51980.8,41446.4,31660.8,24825.6,32454.4,23667.2,28441.6,18233.6
385,50918.4,42092.8,32313.6,25433.6,32512.0,23027.2,28492.8,18444.8
386,51052.8,42419.2,31808.0,24915.2,32627.2,23129.6,28441.6,18336.0
387,51756.8,41958.4,31590.4,24377.6,32396.8,23596.8,28409.6,18137.6
388,52422.4,41299.2,30867.2,24217.6,32524.8,24134.4,28390.4,18272.0
389,51692.8,42099.2,31315.2,24627.2,32524.8,23225.6,28409.6,18368.0
390,51724.8,42016.0,31628.8,24736.0,32524.8,23283.2,28422.4,18336.0
391,50080.0,42406.4,32396.8,25683.2,32300.8,23091.2,28435.2,18182.4
392,51520.0,40844.8,30848.0,24108.8,32486.4,24883.2,28409.6,18208.0
393,52934.4,39584.0,30342.4,23840.0,32665.6,25171.2,28377.6,18265.6
394,51987.2,40876.8,30886.4,24064.0,32345.6,24467.2,28428.8,18060.8
395,52985.6,39424.0,30553.6,23827.2,32710.4,24902.4,28371.2,18291.2
396,53580.8,39718.4,30572.8,23968.0,32729.6,24403.2,28396.8,18188.8
397,51564.8,40102.4,30707.2,23897.6,32563.2,25849.6,28441.6,18278.4
398,52416.0,40428.8,30873.6,24108.8,32524.8,24486.4,28396.8,18272.0
399,51424.0,41056.0,30752.0,23936.0,32576.0,25139.2,28448.0,18265.6
400,50784.0,41728.0,31948.8,24870.4,32326.4,23411.2,28448.0,18329.6
401,52057.6,40819.2,31072.0,24364.8,32505.6,23820.8,28390.4,18304.0
402,50291.2,42240.0,32371.2,25369.6,32396.8,23174.4,28518.4,18016.0
403,49753.6,42112.0,32358.4,25600.0,32467.2,23590.4,28454.4,18163.2
404,51955.2,39219.2,30393.6,23808.0,32608.0,26297.6,28422.4,18201.6
405,50246.4,41612.8,32396.8,25414.4,32435.2,23398.4,28403.2,18195.2
406,51827.2,41401.6,31187.2,24377.6,32435.2,23507.2,28409.6,18099.2
407,51360.0,41696.0,31795.2,24761.6,32550.4,23052.8,28428.8,18259.2
408,51872.0,39987.2,30668.8,23865.6,32569.6,24896.0,28352.0,18156.8
409,50496.0,41779.2,32166.4,25286.4,32524.8,23340.8,28403.2,18252.8
410,52012.8,40825.6,31123.2,24345.6,32486.4,23558.4,28396.8,18393.6
411,52089.6,39916.8,30457.6,23846.4,32608.0,24940.8,28358.4,18169.6
412,51897.6,40224.0,30560.0,23756.8,32339.2,25113.6,28384.0,18067.2
413,51283.2,40761.6,30758.4,23801.6,32537.6,24678.4,28377.6,18144.0
414,51417.6,38713.6,30022.4,23526.4,33011.2,27430.4,28371.2,18240.0
415,51539.2,40576.0,30937.6,24032.0,32435.2,24396.8,28377.6,18246.4
416,51187.2,40896.0,31078.4,24236.8,32403.2,23859.2,28396.8,18092.8
417,49753.6,40908.8,30611.2,23731.2,32531.2,26137.6,28409.6,18163.2
418,51161.6,40864.0,31667.2,24537.6,32588.8,23571.2,28422.4,18342.4
419,51584.0,40448.0,31225.6,24268.8,32486.4,23910.4,28409.6,18201.6
420,51603.2,40678.4,31174.4,24064.0,32716.8,24064.0,28390.4,18176.0
421,51475.2,40934.4,31436.8,24243.2,32403.2,23686.4,28390.4,18009.6
422,51916.8,39980.8,30681.6,23763.2,32448.0,24588.8,28416.0,17900.8
423,52083.2,40819.2,30803.2,23820.8,32524.8,24076.8,28377.6,18048.0
424,49734.4,41548.8,32051.2,24940.8,32441.6,23776.0,28371.2,18336.0
425,52083.2,39232.0,30656.0,23827.2,32620.8,24448.0,28384.0,18284.8
426,51872.0,39456.0,30515.2,23718.4,32492.8,24563.2,28345.6,18086.4
427,50937.6,40230.4,30681.6,23628.8,32576.0,24512.0,28352.0,18169.6
428,52070.4,39180.8,30457.6,23724.8,32652.8,24544.0,28332.8,18246.4
429,51564.8,40473.6,30400.0,23769.6,32665.6,24089.6,28339.2,18393.6
430,50790.4,41260.8,31372.8,24224.0,32422.4,23641.6,28384.0,18080.0
431,51667.2,39801.6,30470.4,23718.4,32473.6,24672.0,28371.2,18035.2
432,50150.4,40998.4,30848.0,23769.6,32499.2,24569.6,28390.4,18195.2
433,50169.6,39756.8,30553.6,23513.6,32678.4,25760.0,28371.2,18182.4
434,50771.2,41184.0,31500.8,24416.0,32460.8,23385.6,28416.0,18054.4
435,50892.8,39558.4,30617.6,23603.2,32512.0,25593.6,28409.6,18009.6
436,50752.0,39552.0,30624.0,23462.4,32665.6,25574.4,28377.6,18144.0
437,49260.8,41824.0,31897.6,24646.4,32307.2,23507.2,28467.2,18208.0
438,50688.0,40652.8,30764.8,23635.2,32588.8,24870.4,28428.8,18246.4
439,51577.6,40224.0,30892.8,23827.2,32441.6,24089.6,28377.6,18124.8
440,49587.2,39948.8,30284.8,23392.0,33062.4,26361.6,28384.0,18208.0
441,50924.8,41152.0,31142.4,24025.6,32480.0,23520.0,28371.2,18278.4
442,50361.6,39763.2,30803.2,23692.8,32499.2,25177.6,28364.8,18163.2
443,51104.0,39507.2,30777.6,23833.6,32409.6,24505.6,28358.4,18080.0
444,51564.8,38585.6,30464.0,23603.2,32716.8,24883.2,28345.6,18297.6
445,51404.8,37900.8,30080.0,23308.8,32864.0,26553.6,28339.2,18278.4
446,50681.6,39225.6,30451.2,23520.0,32576.0,24979.2,28300.8,18233.6
447,49587.2,41523.2,31238.4,24262.4,32275.2,23398.4,28345.6,18361.6
448,50278.4,40755.2,31603.2,24326.4,32281.6,23750.4,28364.8,18028.8
449,50028.8,41318.4,31648.0,24620.8,32300.8,23014.4,28422.4,18252.8
450,50905.6,38848.0,30124.8,23193.6,32729.6,26214.4,28409.6,18156.8
451,50425.6,40704.0,31564.8,24230.4,32281.6,23411.2,28428.8,18080.0
452,49900.8,39923.2,30393.6,23424.0,32646.4,25702.4,28371.2,18118.4
453,50534.4,40761.6,31417.6,24089.6,32332.8,23404.8,28409.6,18016.0
454,49612.8,39443.2,30547.2,23539.2,32672.0,25561.6,28390.4,17804.8
455,50636.8,39865.6,30873.6,23904.0,32492.8,23699.2,28377.6,18278.4
456,49932.8,39865.6,30470.4,23264.0,32665.6,25401.6,28396.8,18035.2
457,49228.8,40985.6,31961.6,24345.6,32185.6,23584.0,28409.6,17984.0
458,50803.2,40000.0,30764.8,23731.2,32448.0,23603.2,28371.2,18252.8
459,48332.8,41670.4,32057.6,24640.0,32332.8,23129.6,28416.0,18278.4
460,51289.6,39859.2,30400.0,23411.2,32563.2,23878.4,28352.0,18284.8
461,49440.0,41222.4,31340.8,24224.0,32499.2,23020.8,28377.6,18342.4
462,49817.6,41043.2,31782.4,24422.4,32332.8,22867.2,28377.6,18272.0
463,52128.0,35264.0,29996.8,23340.8,33011.2,26790.4,28300.8,18182.4
464,51564.8,36588.8,30016.0,23436.8,33004.8,26323.2,28332.8,18220.8
465,48134.4,41440.0,31673.6,24716.8,32224.0,23334.4,28371.2,18380.8
466,48480.0,40915.2,32230.4,25382.4,32121.6,22835.2,28435.2,18252.8
467,50444.8,38028.8,30278.4,23443.2,32736.0,25542.4,28352.0,18252.8
468,48934.4,38073.6,30105.6,23340.8,33132.8,27328.0,28320.0,18329.6
469,49638.4,40761.6,31545.6,24243.2,32217.6,23526.4,28377.6,18265.6
470,50937.6,38944.0,30508.8,23609.6,32428.8,24012.8,28307.2,18342.4
471,51148.8,39238.4,30291.2,23513.6,32793.6,24288.0,28339.2,18278.4
472,48288.0,39468.8,30854.4,24147.2,32556.8,24870.4,28371.2,18316.8
473,50355.2,38899.2,30265.6,23340.8,32896.0,24934.4,28339.2,18208.0
474,50297.6,40486.4,31392.0,23974.4,32300.8,23462.4,28358.4,18028.8
475,49382.4,39366.4,30937.6,23846.4,32352.0,24480.0,28339.2,18080.0
476,49139.2,41126.4,31168.0,24249.6,32396.8,23251.2,28448.0,18361.6
477,49152.0,40793.6,31744.0,24480.0,32294.4,22988.8,28480.0,18060.8
478,49459.2,39507.2,30342.4,23283.2,32800.0,25113.6,28422.4,18124.8
479,50240.0,39206.4,30387.2,23360.0,32819.2,24582.4,28364.8,18220.8
480,48633.6,40953.6,31417.6,24288.0,32428.8,23411.2,28384.0,18124.8
481,49267.2,38572.8,30438.4,23289.6,32787.2,25152.0,28345.6,18105.6
482,49945.6,40505.6,30784.0,24000.0,32518.4,23353.6,28364.8,18291.2
483,49068.8,38918.4,30374.4,23180.8,32800.0,25728.0,28332.8,18163.2
484,51494.4,37126.4,30086.4,23257.6,32800.0,24742.4,28288.0,18169.6
485,49062.4,38918.4,30547.2,23155.2,32646.4,25510.4,28294.4,18150.4
486,49337.6,38310.4,30259.2,23232.0,32691.2,25337.6,28268.8,18118.4
487,47667.2,38963.2,30425.6,23206.4,33068.8,26278.4,28307.2,18214.4
488,50086.4,40236.8,30758.4,23552.0,32396.8,23718.4,28358.4,17964.8
489,48864.0,40262.4,31052.8,23705.6,32358.4,23923.2,28377.6,18131.2
490,50323.2,39865.6,31187.2,23776.0,32307.2,23116.8,28358.4,18163.2
491,48448.0,40761.6,31270.4,23692.8,32569.6,23564.8,28416.0,18035.2
492,50067.2,39104.0,30182.4,23142.4,32748.8,24537.6,28390.4,17945.6
493,48569.6,39264.0,30617.6,23500.8,32499.2,24544.0,28352.0,18355.2
494,49529.6,38950.4,30348.8,22956.8,32659.2,25299.2,28371.2,18073.6
495,49356.8,39552.0,30534.4,23212.8,32486.4,24268.8,28377.6,17971.2
496,50393.6,39955.2,30688.0,23270.4,32339.2,23558.4,28384.0,17747.2
497,47315.2,39622.4,30579.2,23078.4,32972.8,25606.4,28339.2,18112.0
498,50630.4,39257.6,30771.2,23283.2,32390.4,23622.4,28320.0,17984.0
499,48806.4,39776.0,30470.4,23180.8,32787.2,24236.8,28326.4,18035.2
500,49024.0,39392.0,30374.4,23046.4,32665.6,24358.4,28313.6,17913.6
501,48224.0,40537.6,30873.6,23596.8,32774.4,24332.8,28345.6,18099.2
502,48928.0,39481.6,30496.0,23116.8,32537.6,24320.0,28320.0,18073.6
503,46854.4,40044.8,30822.4,23385.6,32876.8,24518.4,28320.0,18118.4
504,44684.8,40960.0,32819.2,26470.4,31622.4,23225.6,28435.2,18297.6
505,48672.0,39865.6,30579.2,23424.0,32608.0,23660.8,28396.8,18169.6
506,48166.4,39648.0,30361.6,23008.0,32774.4,24736.0,28384.0,17772.8
508,50022.4,39244.8,30649.6,23219.2,32371.2,23289.6,28345.6,18099.2
509,47328.0,39942.4,31244.8,23462.4,32512.0,24326.4,28345.6,17952.0
510,50496.0,39385.6,30342.4,23123.2,32537.6,23257.6,28390.4,18169.6
511,48256.0,40441.6,31884.8,24051.2,32134.4,23142.4,28428.8,17817.6
512,49254.4,40313.6,31008.0,23353.6,32352.0,23059.2,28416.0,18208.0
513,50368.0,38835.2,30201.6,23084.8,32569.6,23782.4,28371.2,17913.6
514,49235.2,39571.2,30566.4,23206.4,32614.4,23571.2,28364.8,17913.6
515,48332.8,39136.0,30406.4,23347.2,32915.2,24262.4,28409.6,18304.0
516,47878.4,39808.0,31014.4,23424.0,32620.8,23776.0,28384.0,17900.8
517,48889.6,38137.6,29984.0,22707.2,33030.4,25427.2,28352.0,18035.2
518,47276.8,40057.6,32454.4,24364.8,32070.4,23520.0,28390.4,17491.2
519,48998.4,39078.4,30604.8,23123.2,32390.4,23686.4,28377.6,18035.2
520,49644.8,39155.2,30464.0,22867.2,32576.0,23872.0,28339.2,17888.0
521,46745.6,40352.0,32140.8,24524.8,32012.8,22835.2,28435.2,18233.6
522,45478.4,40787.2,32454.4,25491.2,31788.8,22822.4,28460.8,18124.8
523,46240.0,40384.0,32505.6,25235.2,31820.8,23059.2,28460.8,17824.0
524,44793.6,40377.6,30681.6,23462.4,33171.2,25164.8,28460.8,18099.2
525,45145.6,40428.8,32409.6,25075.2,31968.0,22937.6,28531.2,18054.4
526,45747.2,39289.6,30406.4,23142.4,32819.2,25644.8,28416.0,18233.6
527,43840.0,40332.8,32480.0,26310.4,31769.6,23142.4,28550.4,18304.0
528,44384.0,40204.8,32665.6,25804.8,31814.4,23142.4,28499.2,18092.8
529,46035.2,40140.8,32512.0,24729.6,31801.6,23123.2,28492.8,17920.0
530,46342.4,40294.4,32390.4,24659.2,31961.6,23084.8,28531.2,17760.0
531,46944.0,40057.6,30790.4,23302.4,32396.8,23443.2,28460.8,18086.4
532,45446.4,39776.0,32646.4,25171.2,31993.6,22950.4,28505.6,17945.6
533,49228.8,39232.0,30304.0,23033.6,32441.6,23353.6,28409.6,17996.8
534,46681.6,40121.6,32396.8,24550.4,31904.0,22860.8,28460.8,17792.0
535,47276.8,39526.4,30905.6,23328.0,32390.4,23776.0,28422.4,17804.8
536,45740.8,40396.8,32275.2,24691.2,32038.4,22969.6,28531.2,17817.6
537,46118.4,39136.0,30329.6,22854.4,32691.2,25555.2,28396.8,18016.0
538,46745.6,40384.0,31820.8,24000.0,32032.0,23091.2,28454.4,18099.2
539,46131.2,39827.2,30694.4,23251.2,32921.6,24396.8,28448.0,17939.2
540,46688.0,38694.4,30073.6,22656.0,32857.6,25580.8,28396.8,17907.2
541,49011.2,39667.2,31136.0,23468.8,32160.0,23059.2,28422.4,17747.2
542,49004.8,39820.8,31020.8,23353.6,32243.2,22822.4,28390.4,18016.0
543,47270.4,39737.6,31737.6,24038.4,32064.0,23123.2,28435.2,18009.6
544,47321.6,40108.8,31705.6,23840.0,32204.8,22918.4,28435.2,17785.6
545,47449.6,38534.4,30041.6,22630.4,33030.4,25516.8,28428.8,17792.0
546,47334.4,37747.2,29830.4,22675.2,32992.0,25171.2,28352.0,18252.8
547,47392.0,40096.0,31673.6,23686.4,32044.8,23091.2,28448.0,17881.6
548,45164.8,40108.8,32294.4,24793.6,31878.4,22937.6,28537.6,18131.2
549,47699.2,37792.0,29939.2,22694.4,32800.0,25529.6,28390.4,18112.0
550,46316.8,39616.0,32134.4,24249.6,31846.4,23353.6,28467.2,18124.8
551,47430.4,39014.4,29817.6,22752.0,33043.2,25113.6,28460.8,17638.4
552,48870.4,39116.8,31008.0,23142.4,32275.2,23366.4,28409.6,17708.8
553,48864.0,36364.8,29811.2,22387.2,32972.8,26112.0,28377.6,18028.8
554,45638.4,39916.8,32160.0,24352.0,31897.6,23321.6,28467.2,17856.0
555,46438.4,39654.4,32192.0,24185.6,32070.4,23289.6,28416.0,17881.6
556,45574.4,40326.4,31833.6,23846.4,31974.4,23001.6,28454.4,18137.6
557,48121.6,39443.2,30867.2,23052.8,32352.0,23174.4,28441.6,17753.6
558,47891.2,38240.0,29920.0,22451.2,32857.6,24934.4,28403.2,17644.8
559,46387.2,37504.0,30105.6,22604.8,32780.8,25990.4,28352.0,18163.2
560,48070.4,36633.6,29798.4,22393.6,32960.0,26291.2,28326.4,18054.4
561,47814.4,39212.8,30803.2,23001.6,32300.8,23891.2,28371.2,17945.6
562,47161.6,37862.4,29715.2,22400.0,33088.0,26816.0,28390.4,17779.2
563,46662.4,39756.8,30534.4,22950.4,32736.0,24678.4,28422.4,17996.8
564,48384.0,38841.6,30592.0,22886.4,32563.2,24070.4,28384.0,17817.6
565,45644.8,39923.2,31782.4,24249.6,31987.2,23142.4,28499.2,18054.4
566,48268.8,38912.0,30617.6,22854.4,32473.6,23648.0,28422.4,18016.0
567,46246.4,39974.4,30918.4,23193.6,32172.8,23283.2,28467.2,18022.4
568,47865.6,39500.8,30880.0,23136.0,32288.0,23187.2,28435.2,17990.4
569,46886.4,39321.6,30240.0,23001.6,32915.2,24377.6,28448.0,17900.8
570,46252.8,39398.4,31878.4,23667.2,31968.0,23526.4,28435.2,17632.0
571,46144.0,38681.6,30137.6,22579.2,33228.8,25344.0,28320.0,17958.4
572,46374.4,36902.4,30214.4,22611.2,32358.4,25734.4,28307.2,18112.0
573,47660.8,34995.2,29939.2,22643.2,32844.8,26630.4,28326.4,18144.0
574,45984.0,39769.6,31763.2,23897.6,31961.6,23116.8,28403.2,18176.0
575,47680.0,39302.4,31244.8,23193.6,32179.2,22950.4,28390.4,17945.6
576,45696.0,39564.8,31820.8,23763.2,31929.6,23193.6,28377.6,18176.0
577,46745.6,38099.2,29920.0,22419.2,32428.8,25145.6,28320.0,18368.0
578,47251.2,39417.6,30777.6,22995.2,32192.0,23180.8,28377.6,18387.2
579,48992.0,36345.6,30656.0,22835.2,32192.0,24640.0,28332.8,18182.4
580,46035.2,38598.4,30553.6,22931.2,32544.0,24435.2,28300.8,18099.2
581,44268.8,39302.4,32179.2,24371.2,31820.8,23628.8,28422.4,17945.6
582,46092.8,38918.4,30355.2,22880.0,32614.4,24211.2,28345.6,18400.0
583,48179.2,36595.2,30483.2,22681.6,32307.2,24966.4,28307.2,18124.8
584,47353.6,38457.6,30739.2,22860.8,32166.4,24224.0,28332.8,18022.4
585,45216.0,39596.8,31430.4,23494.4,32012.8,23302.4,28377.6,18483.2
586,46809.6,39020.8,31430.4,23264.0,32019.2,23084.8,28332.8,18169.6
587,44960.0,39360.0,31724.8,23673.6,31980.8,23334.4,28390.4,18163.2
588,48044.8,34515.2,29465.6,22323.2,33280.0,27104.0,28326.4,18144.0
589,47897.6,38470.4,31129.6,22828.8,32172.8,23334.4,28300.8,17875.2
590,44563.2,39289.6,32268.8,24083.2,31622.4,23507.2,28307.2,18489.6
591,45196.8,36902.4,29868.8,22611.2,33075.2,27212.8,28281.6,18259.2
592,44396.8,39788.8,32134.4,24300.8,31686.4,23244.8,28428.8,18451.2
593,46656.0,36960.0,29734.4,22662.4,32774.4,25715.2,28275.2,18361.6
594,49420.8,35360.0,29536.0,22496.0,32992.0,25004.8,28262.4,18041.6
595,45510.4,36556.8,29696.0,22272.0,33107.2,27712.0,28211.2,18169.6
596,44300.8,38374.4,32192.0,23916.8,31552.0,24985.6,28313.6,18649.6
597,45376.0,39302.4,31622.4,23443.2,31961.6,23225.6,28352.0,18393.6
598,45843.2,35936.0,29427.2,22310.4,33452.8,28153.6,28288.0,18208.0
599,47942.4,37036.8,29875.2,22540.8,32908.8,25228.8,28307.2,18252.8
600,48908.8,35276.8,29408.0,22272.0,33132.8,25772.8,28243.2,18048.0
601,47628.8,38387.2,30873.6,22803.2,32243.2,23257.6,28307.2,17971.2
602,45926.4,35436.8,30028.8,22656.0,32844.8,26028.8,28211.2,18393.6
603,47635.2,34547.2,29683.2,22323.2,33094.4,26444.8,28224.0,18265.6
604,48019.2,36812.8,30067.2,22438.4,32409.6,24486.4,28224.0,18291.2
605,50412.8,35084.8,29657.6,22195.2,32588.8,24704.0,28179.2,18073.6
606,44364.8,38553.6,31449.6,23244.8,31763.2,24012.8,28275.2,18816.0
607,43827.2,39308.8,31084.8,23443.2,32179.2,23456.0,28313.6,18643.2
608,46918.4,37011.2,30508.8,22745.6,32307.2,23731.2,28256.0,18259.2
609,44947.2,38496.0,31673.6,23609.6,31820.8,23673.6,28313.6,18432.0
610,43526.4,39360.0,31737.6,23827.2,31769.6,23180.8,28326.4,18592.0
611,46745.6,33177.6,29478.4,22380.8,32966.4,29401.6,28256.0,18329.6
612,42572.8,38700.8,32339.2,24115.2,31475.2,24467.2,28326.4,18675.2
613,50048.0,32806.4,29299.2,22342.4,32774.4,26080.0,28172.8,18176.0
614,49785.6,33190.4,29420.8,22451.2,33049.6,25318.4,28128.0,18214.4
615,48364.8,34790.4,29587.2,22361.6,32768.0,24672.0,28172.8,18131.2
616,47737.6,37132.8,30425.6,22764.8,32224.0,23244.8,28192.0,18323.2
617,46848.0,38361.6,31027.2,23072.0,32166.4,22720.0,28300.8,18233.6
618,47980.8,37203.2,30035.2,22643.2,32512.0,23340.8,28275.2,18009.6
619,47865.6,36409.6,31417.6,23308.8,32070.4,23385.6,28288.0,18265.6
620,45926.4,38470.4,31545.6,23385.6,31993.6,22816.0,28300.8,18284.8
621,46956.8,34924.8,29728.0,22470.4,32780.8,25734.4,28243.2,18272.0
622,46752.0,38457.6,30809.6,22892.8,32281.6,22867.2,28300.8,18124.8
623,47046.4,35808.0,30054.4,22419.2,32556.8,24960.0,28262.4,18073.6
624,48275.2,35244.8,30368.0,22534.4,32224.0,23558.4,28204.8,18246.4
625,45606.4,38060.8,31513.6,23590.4,32012.8,22880.0,28249.6,18470.4
626,46681.6,35264.0,29612.8,22067.2,33132.8,26086.4,28217.6,17990.4
627,44012.8,37996.8,32198.4,24332.8,31571.2,23161.6,28307.2,18278.4
628,46297.6,38003.2,31404.8,23161.6,32096.0,22784.0,28256.0,18329.6
629,44889.6,36377.6,29638.4,22355.2,33260.8,26393.6,28204.8,18220.8
630,45715.2,38092.8,31347.2,22950.4,32172.8,22822.4,28262.4,18278.4
631,48512.0,33280.0,29580.8,22252.8,32563.2,25408.0,28166.4,18214.4
632,49408.0,34636.8,29452.8,22188.8,32832.0,24793.6,28153.6,18060.8
633,47161.6,36736.0,30272.0,22368.0,32390.4,23424.0,28185.6,18476.8
634,46438.4,37248.0,31264.0,22944.0,32096.0,22745.6,28211.2,18073.6
635,46124.8,36902.4,31436.8,23027.2,32025.6,22988.8,28224.0,18233.6
636,49094.4,32230.4,29273.6,22246.4,32876.8,26214.4,28147.2,18220.8
637,49004.8,35187.2,29542.4,22406.4,32742.4,23756.8,28166.4,18131.2
638,46688.0,37638.4,31148.8,22777.6,32121.6,22841.6,28230.4,18284.8
639,49190.4,32236.8,29363.2,22099.2,32825.6,25785.6,28153.6,18169.6
640,49036.8,35756.8,29708.8,22105.6,32486.4,23673.6,28185.6,18112.0
641,45152.0,38182.4,31353.6,23206.4,31865.6,22995.2,28275.2,18579.2
642,46489.6,37779.2,30636.8,22592.0,32243.2,22886.4,28217.6,18342.4
643,46566.4,36019.2,31283.2,22841.6,32102.4,24070.4,28230.4,18470.4
644,47507.2,36934.4,30348.8,22361.6,32326.4,23123.2,28192.0,18188.8
645,44761.6,38304.0,31788.8,23404.8,31814.4,22860.8,28275.2,18598.4
646,48364.8,36563.2,29747.2,22246.4,32524.8,23321.6,28192.0,18169.6
647,48364.8,35424.0,30764.8,22630.4,32166.4,23174.4,28128.0,17971.2
648,48416.0,32838.4,29241.6,22240.0,33043.2,26572.8,28185.6,18035.2
649,45516.8,37990.4,30739.2,22764.8,32281.6,22931.2,28204.8,18547.2
650,48992.0,33606.4,29465.6,22112.0,32736.0,24691.2,28140.8,18099.2
651,47929.6,36256.0,30662.4,22406.4,32160.0,22982.4,28128.0,18201.6
652,47251.2,35340.8,29881.6,22265.6,32454.4,24364.8,28121.6,18220.8
653,49932.8,32108.8,29273.6,22048.0,32665.6,25254.4,28179.2,18092.8
654,46214.4,36966.4,31603.2,23308.8,31820.8,22982.4,28204.8,18272.0
655,48422.4,36096.0,30060.8,22374.4,32428.8,23136.0,28172.8,18214.4
657,50220.8,33990.4,29427.2,22048.0,32684.8,23737.6,28166.4,18073.6
658,48057.6,35859.2,29676.8,22310.4,32678.4,23609.6,28192.0,18265.6
659,47129.6,36998.4,30835.2,22624.0,32185.6,22771.2,28236.8,18291.2
660,48620.8,36000.0,30054.4,22387.2,32441.6,22956.8,28224.0,17984.0
661,48326.4,36057.6,30604.8,22464.0,32249.6,22572.8,28160.0,18265.6
662,46854.4,37004.8,31315.2,22860.8,32108.8,22515.2,28236.8,18201.6
663,47705.6,36844.8,30694.4,22457.6,32236.8,22476.8,28224.0,18265.6
664,47564.8,33100.8,29369.6,22112.0,32851.2,25958.4,28134.4,18284.8
665,46707.2,37196.8,30867.2,22547.2,32236.8,22886.4,28230.4,18060.8
666,48512.0,35648.0,29958.4,22201.6,32569.6,23257.6,28166.4,18272.0
667,44512.0,37792.0,30752.0,22732.8,31904.0,23372.8,28179.2,19110.4
668,48985.6,34201.6,29907.2,22201.6,32384.0,23065.6,28083.2,18361.6
669,46822.4,37024.0,30713.6,22624.0,32300.8,22764.8,28128.0,18438.4
670,46924.8,36384.0,30598.4,22355.2,32179.2,22956.8,28147.2,18457.6
671,48742.4,35635.2,29952.0,22227.2,32358.4,22899.2,28121.6,18150.4
672,48224.0,35820.8,30675.2,22412.8,32307.2,22675.2,28140.8,18201.6
673,48755.2,33382.4,29958.4,22118.4,32300.8,23443.2,28140.8,18310.4
674,46624.0,36889.6,30566.4,22643.2,32217.6,22739.2,28179.2,18118.4
675,49056.0,34771.2,29728.0,22124.8,32416.0,23116.8,28096.0,18195.2
676,48460.8,35392.0,29958.4,22182.4,32288.0,23174.4,28057.6,18240.0
677,48748.8,35481.6,29715.2,22252.8,32550.4,22694.4,28108.8,18265.6
678,46656.0,34374.4,29401.6,22220.8,33081.6,25696.0,28096.0,18336.0
679,49062.4,33267.2,29350.4,22041.6,32761.6,24185.6,28102.4,17945.6
680,47283.2,36396.8,30406.4,22380.8,32204.8,22726.4,28140.8,18291.2
681,46649.6,36345.6,30585.6,22560.0,32211.2,23027.2,28140.8,18137.6
682,48332.8,34835.2,29907.2,22156.8,32384.0,23187.2,28089.6,18016.0
683,47545.6,33824.0,29888.0,22035.2,32396.8,24844.8,28140.8,18028.8
684,48588.8,34963.2,30080.0,22092.8,32473.6,23129.6,28160.0,18220.8
685,49222.4,33888.0,29958.4,22176.0,32460.8,23116.8,28121.6,18137.6
686,48422.4,35430.4,29849.6,22067.2,32332.8,23251.2,28096.0,17977.6
687,44780.8,36998.4,31424.0,23187.2,32044.8,22617.6,28140.8,18566.4
688,47104.0,35193.6,30188.8,22297.6,32416.0,23040.0,28115.2,18496.0
689,46425.6,36537.6,30886.4,22611.2,32217.6,22579.2,28083.2,18560.0
690,47449.6,35680.0,30380.8,22374.4,32121.6,22726.4,28115.2,18099.2
691,46176.0,36403.2,30496.0,22464.0,32281.6,22796.8,28076.8,18489.6
692,48211.2,35481.6,29932.8,22163.2,32492.8,22745.6,28102.4,18035.2
693,49222.4,33939.2,29792.0,22144.0,32416.0,23091.2,28115.2,18016.0
694,48960.0,33849.6,29542.4,22073.6,32486.4,23513.6,28089.6,18188.8
695,46854.4,35488.0,30515.2,22278.4,32268.8,23116.8,28076.8,18323.2
696,47443.2,34956.8,30758.4,22464.0,32300.8,22950.4,28070.4,18208.0
697,48384.0,33715.2,29593.6,22080.0,32524.8,24025.6,28070.4,18118.4
698,47974.4,34630.4,30112.0,22080.0,32294.4,23308.8,28089.6,17913.6
699,48422.4,33657.6,29779.2,21984.0,32460.8,23872.0,28089.6,18086.4
700,48505.6,34348.8,30150.4,22073.6,32371.2,22937.6,28083.2,18144.0
701,44576.0,36358.4,31449.6,22912.0,31788.8,23059.2,28140.8,18163.2
702,46828.8,35859.2,30630.4,22374.4,32416.0,22592.0,28134.4,18252.8
703,48409.6,34598.4,29478.4,21952.0,32467.2,23622.4,28128.0,18054.4
704,48185.6,33516.8,29772.8,21984.0,32396.8,23756.8,28128.0,17862.4
705,47923.2,34835.2,30214.4,22176.0,32326.4,22860.8,28038.4,17984.0
706,46156.8,35897.6,30291.2,22099.2,32249.6,23078.4,28096.0,18176.0
707,47168.0,34643.2,30553.6,22380.8,32224.0,23052.8,28064.0,18086.4
708,45190.4,36294.4,31155.2,22886.4,31980.8,22617.6,28108.8,18182.4
709,47948.8,34585.6,29728.0,21984.0,32211.2,23392.0,28044.8,17753.6
710,47052.8,34432.0,30220.8,22099.2,32179.2,23392.0,28089.6,18137.6
711,47692.8,34848.0,29984.0,22169.6,32396.8,22976.0,28038.4,18099.2
712,46739.2,35584.0,30675.2,22432.0,32364.8,22649.6,28070.4,18227.2
713,46009.6,35334.4,30214.4,22176.0,32115.2,23833.6,28108.8,18348.8
714,46265.6,35404.8,30905.6,22470.4,32134.4,22758.4,28070.4,18278.4
715,48160.0,34464.0,29740.8,22003.2,32422.4,23225.6,28089.6,17971.2
716,46137.6,34528.0,29881.6,22438.4,32364.8,24115.2,28025.6,18662.4
717,48140.8,34220.8,29849.6,22144.0,32512.0,22867.2,28038.4,18336.0
718,45939.2,35929.6,30553.6,22521.6,32320.0,22489.6,28076.8,18201.6
719,46214.4,32838.4,29747.2,22060.8,32339.2,24198.4,28012.8,18156.8
720,48352.0,33177.6,29356.8,21984.0,32569.6,23436.8,28032.0,17958.4
721,46425.6,35347.2,30476.8,22169.6,32128.0,22956.8,28025.6,18009.6
722,46924.8,35200.0,30233.6,22272.0,32339.2,22905.6,28038.4,17964.8
723,47737.6,33811.2,29715.2,22035.2,32486.4,23091.2,27948.8,18227.2
724,46297.6,35584.0,30208.0,22342.4,32249.6,22944.0,28051.2,17689.6
725,46950.4,34835.2,30195.2,22105.6,32224.0,22931.2,28044.8,17952.0
726,45568.0,35379.2,30297.6,22163.2,32192.0,23052.8,28032.0,18329.6
727,45824.0,35744.0,30208.0,22278.4,32204.8,22611.2,28032.0,18201.6
728,46515.2,34432.0,29657.6,22028.8,32403.2,23654.4,28000.0,18048.0
729,47443.2,33932.8,29484.8,21945.6,32665.6,23552.0,28038.4,18022.4
730,46841.6,34777.6,29734.4,22022.4,32416.0,23180.8,28051.2,18035.2
731,45286.4,35712.0,30713.6,22368.0,32070.4,22995.2,28076.8,17888.0
732,47046.4,34361.6,29574.4,21971.2,32377.6,23353.6,28044.8,17913.6
733,42822.4,36038.4,30796.8,22444.8,31820.8,24307.2,28102.4,18675.2
734,46438.4,34681.6,29900.8,22092.8,32441.6,23328.0,28044.8,18195.2
735,46041.6,34048.0,29580.8,21952.0,32505.6,24083.2,28012.8,18035.2
736,44480.0,35520.0,31078.4,22752.0,32070.4,22560.0,28064.0,18099.2
737,47436.8,33766.4,29561.6,21945.6,32428.8,23155.2,28044.8,17856.0
738,44716.8,35500.8,30656.0,22521.6,32044.8,23206.4,28000.0,18649.6
739,47168.0,33171.2,30137.6,22137.6,32262.4,23001.6,28012.8,18169.6
740,46912.0,33484.8,29369.6,21894.4,32505.6,24224.0,28006.4,18003.2
741,44051.2,36000.0,30848.0,22617.6,31987.2,23008.0,27987.2,18387.2
742,46905.6,33542.4,29491.2,21760.0,32486.4,24038.4,28025.6,17913.6
743,46368.0,34502.4,29856.0,22028.8,32377.6,23020.8,27974.4,18227.2
744,43040.0,35801.6,30630.4,22432.0,31840.0,23347.2,27980.8,18790.4
745,47283.2,31968.0,28966.4,21747.2,32876.8,25465.6,27980.8,18176.0
746,45222.4,34796.8,30809.6,22451.2,32089.6,22777.6,27968.0,18227.2
747,46784.0,34176.0,29619.2,21913.6,32320.0,23110.4,28032.0,17888.0
748,43808.0,35436.8,30963.2,22758.4,32076.8,22713.6,27980.8,18400.0
749,45676.8,35091.2,29868.8,22227.2,32371.2,22604.8,27993.6,18208.0
750,43468.8,35577.6,30188.8,22412.8,32076.8,22912.0,28025.6,18553.6
751,46316.8,33971.2,29843.2,22118.4,32384.0,23289.6,27993.6,18048.0
752,43123.2,33939.2,30099.2,22374.4,31936.0,24985.6,27980.8,18720.0
753,44121.6,35360.0,30444.8,22393.6,32121.6,23001.6,27968.0,18764.8
754,45670.4,34528.0,29721.6,22105.6,32352.0,23148.8,27968.0,18201.6
755,47724.8,31161.6,29350.4,21939.2,32537.6,23667.2,27936.0,18086.4
756,44224.0,34745.6,29875.2,22201.6,32204.8,23942.4,27987.2,18508.8
757,44256.0,34809.6,30272.0,22342.4,32102.4,23334.4,27968.0,18323.2
758,45632.0,34291.2,29593.6,21984.0,32384.0,23244.8,28000.0,17926.4
759,45132.8,34796.8,30112.0,22060.8,32332.8,22643.2,28000.0,18163.2
760,44902.4,33548.8,29984.0,22137.6,32230.4,24102.4,27968.0,18400.0
761,44160.0,35129.6,30886.4,22624.0,32006.4,22553.6,27974.4,18355.2
762,41062.4,35584.0,30828.8,22720.0,31616.0,23699.2,28019.2,18841.6
763,45568.0,32448.0,30176.0,22060.8,32140.8,23955.2,27974.4,18323.2
764,46188.8,33344.0,29459.2,21785.6,32403.2,24147.2,27974.4,17881.6
765,43680.0,35078.4,31008.0,22771.2,31859.2,22560.0,27980.8,18278.4
766,43622.4,34816.0,30521.6,22246.4,31827.2,23334.4,28006.4,18361.6
767,46656.0,30060.8,28940.8,21811.2,32819.2,26086.4,27923.2,18060.8
768,44134.4,34604.8,30560.0,22291.2,32000.0,23136.0,27955.2,18348.8
769,45600.0,34060.8,29548.8,21984.0,32416.0,23014.4,27955.2,18041.6
770,45888.0,33804.8,30259.2,22118.4,32108.8,22771.2,27948.8,17740.8
771,44364.8,34560.0,30067.2,22233.6,32153.6,23008.0,27974.4,18336.0
772,46579.2,32352.0,29843.2,21977.6,32345.6,23321.6,27955.2,17945.6
773,44940.8,34419.2,29888.0,22131.2,32249.6,22860.8,27980.8,17984.0
774,43481.6,34630.4,30240.0,22214.4,31859.2,24096.0,28038.4,17920.0
775,44403.2,34483.2,30329.6,22169.6,32096.0,22944.0,28019.2,18144.0
776,43142.4,35168.0,30835.2,22547.2,31923.2,22521.6,28051.2,18067.2
777,45804.8,33152.0,29920.0,21836.8,32217.6,23020.8,28000.0,17849.6
778,44371.2,34476.8,30470.4,22227.2,32019.2,22912.0,27993.6,18003.2
779,45548.8,33280.0,29785.6,21881.6,32268.8,23398.4,28006.4,17772.8
780,42528.0,35148.8,30796.8,22745.6,31808.0,22502.4,28025.6,18374.4
781,43283.2,34745.6,30444.8,22476.8,31884.8,22873.6,27987.2,18419.2
782,46054.4,32230.4,29804.8,21926.4,32224.0,23379.2,27968.0,17843.2
783,44608.0,33830.4,30208.0,22169.6,32012.8,22944.0,27961.6,18214.4
784,45446.4,33414.4,30297.6,22054.4,32121.6,22816.0,27987.2,17785.6
785,42316.8,35014.4,30611.2,22636.8,31808.0,22758.4,28012.8,18457.6
786,45043.2,33363.2,30336.0,22374.4,32038.4,22566.4,27987.2,18163.2
787,44736.0,34073.6,30291.2,22176.0,32140.8,22425.6,27980.8,18150.4
788,43571.2,32435.2,29856.0,22131.2,32096.0,24524.8,27961.6,18489.6
789,43628.8,34476.8,30009.6,22131.2,32160.0,23193.6,27980.8,18144.0
790,42937.6,33888.0,30329.6,22220.8,31795.2,23718.4,27987.2,18713.6
791,43820.8,34195.2,30259.2,22297.6,32051.2,22668.8,27993.6,18208.0
792,42720.0,34425.6,30169.6,22284.8,32134.4,23065.6,27987.2,18419.2
793,45056.0,33369.6,29926.4,22048.0,32198.4,22828.8,27923.2,18112.0
794,45132.8,32768.0,29644.8,22054.4,32358.4,23296.0,27968.0,18361.6
795,44563.2,33721.6,29760.0,22009.6,32275.2,23123.2,27929.6,17881.6
796,42137.6,34528.0,30662.4,22828.8,31846.4,22956.8,27891.2,18643.2
797,43462.4,34361.6,30208.0,22316.8,32070.4,22867.2,27910.4,18310.4
798,43449.6,34208.0,30444.8,22246.4,32032.0,22771.2,27884.8,18297.6
799,43264.0,34035.2,30457.6,22233.6,31968.0,23206.4,27916.8,18092.8
800,42380.8,34585.6,30604.8,22560.0,31763.2,22675.2,27948.8,18451.2
801,43193.6,34310.4,30502.4,22419.2,32115.2,22393.6,27942.4,18393.6
802,42739.2,33984.0,29817.6,22208.0,32032.0,23673.6,27904.0,18598.4
803,42700.8,34240.0,29907.2,22278.4,32044.8,23392.0,27929.6,18400.0
804,41894.4,34259.2,30592.0,22502.4,31776.0,23104.0,27923.2,18323.2
806,44089.6,33158.4,29625.6,21920.0,32300.8,23756.8,27936.0,18259.2
807,44083.2,33644.8,30035.2,22214.4,32166.4,22502.4,27942.4,18080.0
808,41875.2,34470.4,30233.6,22451.2,31852.8,23289.6,27968.0,18336.0
809,42649.6,33932.8,30099.2,22137.6,32006.4,23212.8,27948.8,18464.0
810,42508.8,34176.0,29939.2,22393.6,32198.4,22918.4,27948.8,18163.2
811,43475.2,33728.0,30048.0,22195.2,32160.0,22720.0,27955.2,18220.8
812,43020.8,34092.8,30496.0,22553.6,32019.2,22489.6,27948.8,18412.8
813,42483.2,33350.4,29676.8,22176.0,32153.6,24006.4,27942.4,18451.2
814,43814.4,33299.2,30144.0,22105.6,32108.8,22790.4,27948.8,18150.4
815,42956.8,33465.6,30508.8,22476.8,31955.2,23104.0,27942.4,18457.6
816,41139.2,34297.6,30713.6,22611.2,31641.6,23257.6,27923.2,18732.8
817,42848.0,32934.4,29542.4,22144.0,32179.2,24179.2,27884.8,18291.2
818,42950.4,33830.4,30240.0,22227.2,32038.4,22931.2,27904.0,18163.2
819,41260.8,33273.6,29542.4,22022.4,32140.8,25632.0,27904.0,18636.8
820,42233.6,33843.2,30259.2,22329.6,32038.4,23084.8,27897.6,18521.6
821,43020.8,33593.6,30246.4,22374.4,32000.0,22784.0,27923.2,18272.0
822,41939.2,33753.6,30380.8,22572.8,31859.2,23072.0,27859.2,18668.8
823,42483.2,33772.8,30099.2,22323.2,32076.8,22924.8,27884.8,18329.6
824,43020.8,33440.0,30035.2,22137.6,32051.2,23065.6,27904.0,18227.2
825,41900.8,32051.2,29536.0,22182.4,32096.0,25273.6,27878.4,18694.4
826,41696.0,33785.6,30208.0,22425.6,32006.4,23148.8,27884.8,18419.2
827,41676.8,33747.2,30400.0,22476.8,31814.4,23366.4,27884.8,18521.6
828,42393.6,32710.4,29868.8,22118.4,32076.8,24384.0,27897.6,18246.4
829,43283.2,33043.2,30406.4,22252.8,32051.2,22803.2,27936.0,17740.8
830,42387.2,32755.2,29798.4,22067.2,32057.6,24249.6,27904.0,18233.6
831,42112.0,33459.2,30438.4,22368.0,31910.4,23059.2,27942.4,17996.8
832,43084.8,32985.6,29990.4,22080.0,32128.0,22950.4,27916.8,18182.4
833,42432.0,33350.4,30323.2,22425.6,31955.2,22892.8,27955.2,18291.2
834,43328.0,33024.0,29843.2,21920.0,32128.0,22803.2,27961.6,17708.8
835,43859.2,32384.0,29504.0,21811.2,32281.6,23488.0,27910.4,17670.4
836,41856.0,33241.6,30118.4,22169.6,31948.8,23360.0,27884.8,18329.6
837,41804.8,33388.8,30265.6,22400.0,31923.2,22784.0,27897.6,18393.6
838,41568.0,33350.4,30003.2,22278.4,31878.4,23520.0,27872.0,18592.0
839,42419.2,33017.6,30342.4,22304.0,32006.4,22726.4,27846.4,18329.6
840,40832.0,32384.0,29798.4,22150.4,31968.0,25011.2,27865.6,18688.0
841,41753.6,33235.2,30105.6,22208.0,32000.0,22880.0,27872.0,18259.2
842,42348.8,33011.2,30259.2,22233.6,31916.8,22777.6,27904.0,18009.6
843,42521.6,32934.4,30182.4,22188.8,31993.6,22790.4,27904.0,17964.8
844,42534.4,32896.0,30259.2,22246.4,31968.0,22643.2,27948.8,17939.2
845,42355.2,32640.0,29913.6,22227.2,32019.2,23264.0,27942.4,18265.6
846,42304.0,32448.0,29721.6,22150.4,32160.0,23622.4,27872.0,18240.0
847,41945.6,32819.2,30150.4,22156.8,31968.0,23123.2,27884.8,17964.8
848,42003.2,32934.4,30246.4,22176.0,32019.2,22752.0,27929.6,18016.0
849,42969.6,32160.0,29536.0,21984.0,32275.2,23539.2,27948.8,18048.0
850,41657.6,32025.6,30073.6,22272.0,31859.2,23955.2,27948.8,18508.8
851,41011.2,33024.0,30464.0,22470.4,31846.4,23046.4,27948.8,18284.8
852,40684.8,33075.2,30393.6,22406.4,31795.2,23302.4,27942.4,18304.0
853,40870.4,32185.6,29305.6,22060.8,32153.6,25510.4,27910.4,18412.8
854,42150.4,32454.4,29913.6,22009.6,32070.4,23532.8,27916.8,18124.8
855,41561.6,32588.8,30438.4,22425.6,31904.0,23020.8,27859.2,17952.0
856,41888.0,32601.6,30067.2,22124.8,31916.8,23558.4,27884.8,18156.8
857,42329.6,31961.6,29849.6,22035.2,32006.4,23475.2,27865.6,18086.4
858,41888.0,32576.0,30150.4,22137.6,31974.4,23148.8,27891.2,17785.6
859,41747.2,32179.2,29683.2,22169.6,31936.0,23852.8,27878.4,18361.6
860,42048.0,31200.0,29312.0,22092.8,32185.6,24825.6,27859.2,18342.4
861,41139.2,32512.0,30144.0,22304.0,31859.2,23296.0,27859.2,18297.6
862,41248.0,32595.2,30432.0,22368.0,31872.0,22969.6,27878.4,17875.2
863,41344.0,32204.8,29766.4,22182.4,31993.6,23769.6,27910.4,18240.0
864,41222.4,32460.8,30092.8,22201.6,31910.4,23270.4,27923.2,17996.8
865,41312.0,32531.2,30272.0,22182.4,31942.4,23084.8,27942.4,17625.6
866,41248.0,31526.4,29632.0,21926.4,32025.6,24268.8,27948.8,17920.0
867,42380.8,31904.0,30118.4,22073.6,32025.6,23072.0,27942.4,17548.8
868,41772.8,32262.4,30304.0,22176.0,31923.2,23014.4,27955.2,17779.2
869,40723.2,32275.2,30342.4,22246.4,31814.4,23372.8,27929.6,17945.6
870,40787.2,32422.4,30195.2,22144.0,31878.4,23206.4,27936.0,17920.0
871,41030.4,32326.4,30483.2,22348.8,31872.0,23020.8,27916.8,17721.6
872,41376.0,32172.8,30310.4,22336.0,31916.8,22873.6,27878.4,17977.6
873,41740.8,31788.8,30201.6,22304.0,31955.2,22988.8,27884.8,18092.8
874,41241.6,32064.0,30035.2,22272.0,31910.4,22995.2,27865.6,18227.2
875,42483.2,31372.8,29510.4,21830.4,32192.0,23660.8,27884.8,17702.4
876,43315.2,29651.2,29036.8,21670.4,32531.2,24499.2,27923.2,17676.8
877,41612.8,31680.0,29977.6,22156.8,31936.0,23091.2,27891.2,17862.4
878,42246.4,31411.2,30080.0,22182.4,32000.0,22790.4,27897.6,17856.0
879,42489.6,31353.6,29907.2,22156.8,32115.2,22880.0,27897.6,17766.4
880,42528.0,31276.8,29888.0,22054.4,32185.6,22752.0,27904.0,17587.2
881,41817.6,29926.4,29241.6,21721.6,32038.4,25785.6,27961.6,17900.8
882,41696.0,31270.4,30067.2,21971.2,31948.8,23571.2,27936.0,17920.0
883,41811.2,31468.8,29996.8,22099.2,32070.4,23129.6,27929.6,17702.4
884,42316.8,31187.2,30048.0,22156.8,32076.8,22892.8,27904.0,17990.4
885,41913.6,30784.0,30035.2,22035.2,31974.4,23942.4,27897.6,17958.4
886,41856.0,31308.8,30092.8,22208.0,32070.4,22950.4,27916.8,17971.2
887,42086.4,30380.8,29075.2,21900.8,32236.8,24928.0,27897.6,18163.2
888,41728.0,30982.4,29830.4,21964.8,32006.4,23686.4,27929.6,17824.0
889,41811.2,31244.8,29971.2,22073.6,31987.2,23200.0,27891.2,17856.0
890,42348.8,30809.6,29548.8,21939.2,32134.4,23635.2,27878.4,17862.4
891,42528.0,30009.6,29171.2,21689.6,32294.4,24179.2,27891.2,17772.8
892,41740.8,30432.0,29523.2,21875.2,32032.0,24371.2,27884.8,17958.4
893,41945.6,30739.2,29715.2,21990.4,31993.6,23539.2,27846.4,18016.0
894,40902.4,30009.6,29254.4,21849.6,32268.8,25344.0,27840.0,18355.2
895,41267.2,30784.0,29811.2,22022.4,31961.6,23596.8,27852.8,17984.0
896,41299.2,30259.2,29561.6,21913.6,31987.2,23852.8,27833.6,18214.4
897,41427.2,28070.4,29107.2,21798.4,32313.6,26457.6,27833.6,18227.2
898,41676.8,30323.2,29683.2,21894.4,32044.8,23718.4,27878.4,17971.2
899,41536.0,30195.2,29337.6,21792.0,31974.4,24915.2,27891.2,17849.6
900,42451.2,29856.0,29382.4,21766.4,32166.4,24185.6,27910.4,17734.4
901,41772.8,28985.6,29305.6,21798.4,32057.6,25382.4,27891.2,18086.4
902,41670.4,30195.2,29894.4,21952.0,31974.4,24019.2,27904.0,17747.2
903,41657.6,30579.2,29785.6,21996.8,32044.8,23571.2,27878.4,17971.2
904,40960.0,30419.2,29465.6,21939.2,31974.4,24185.6,27897.6,18009.6
905,40281.6,29824.0,29472.0,21945.6,31929.6,25056.0,27827.2,18323.2
906,40825.6,29273.6,29158.4,21920.0,32288.0,25241.6,27840.0,18444.8
907,41152.0,29958.4,29548.8,21779.2,32096.0,24128.0,27859.2,17817.6
908,41324.8,29619.2,29657.6,21913.6,31987.2,24454.4,27827.2,18214.4
909,41497.6,28620.8,29452.8,21843.2,32057.6,24934.4,27833.6,18099.2
910,41203.2,29888.0,29683.2,21785.6,31929.6,24025.6,27814.4,17843.2
911,41926.4,28307.2,29292.8,21606.4,32166.4,25075.2,27820.8,17830.4
912,41100.8,29811.2,29651.2,21894.4,32006.4,23744.0,27820.8,18150.4
913,40384.0,28486.4,29081.6,21900.8,32211.2,26060.8,27776.0,18438.4
914,40966.4,28000.0,29523.2,21862.4,31904.0,25081.6,27750.4,18150.4
915,41088.0,28281.6,29280.0,21721.6,31980.8,25305.6,27801.6,18067.2
916,41260.8,29171.2,29497.6,21881.6,31923.2,24294.4,27776.0,18137.6
917,41088.0,29900.8,29900.8,21926.4,31929.6,23718.4,27820.8,18022.4
918,40704.0,29299.2,29331.2,21862.4,32012.8,24755.2,27820.8,18201.6
919,41292.8,29145.6,29900.8,21913.6,32019.2,23699.2,27814.4,17894.4
920,41516.8,27603.2,29036.8,21689.6,32192.0,26220.8,27833.6,18144.0
921,40979.2,28076.8,28972.8,21740.8,32396.8,26054.4,27788.8,18272.0
922,41388.8,27430.4,29273.6,21702.4,32096.0,25465.6,27814.4,18067.2
923,41344.0,26892.8,29235.2,21772.8,32044.8,25715.2,27820.8,18201.6
924,40921.6,27520.0,29324.8,21817.6,32032.0,25472.0,27795.2,18329.6
925,41164.8,27974.4,29132.8,21708.8,32153.6,25376.0,27801.6,18156.8
926,41004.8,26297.6,29043.2,21747.2,32332.8,26809.6,27776.0,18284.8
927,41305.6,26483.2,28972.8,21619.2,32422.4,26707.2,27763.2,18214.4
928,41113.6,27155.2,29132.8,21619.2,32096.0,26041.6,27808.0,18022.4
929,40588.8,27251.2,28979.2,21625.6,32531.2,26713.6,27795.2,18150.4
930,41235.2,27052.8,28768.0,21600.0,32409.6,26790.4,27782.4,18131.2
931,41049.6,25830.4,28915.2,21657.6,32486.4,27148.8,27788.8,18214.4
932,41510.4,24940.8,28883.2,21670.4,32441.6,27552.0,27769.6,18265.6
933,41356.8,24556.8,28819.2,21619.2,32441.6,27654.4,27744.0,18323.2
934,40403.2,25030.4,28710.4,21587.2,32723.2,28352.0,27808.0,18393.6
935,41587.2,24499.2,28889.6,21740.8,32422.4,27142.4,27750.4,18342.4
936,41267.2,24032.0,28672.0,21619.2,32864.0,28416.0,27795.2,18278.4
937,41388.8,25004.8,28838.4,21625.6,32582.4,27238.4,27763.2,18169.6
938,40518.4,24480.0,28972.8,21670.4,32601.6,27840.0,27782.4,18297.6
939,41241.6,24428.8,28723.2,21587.2,32819.2,27878.4,27782.4,18227.2
940,40620.8,24416.0,28844.8,21683.2,32620.8,27916.8,27782.4,18291.2
941,40921.6,24812.8,29267.2,21734.4,32070.4,26419.2,27756.8,18329.6
942,41235.2,25209.6,28876.8,21555.2,32268.8,26822.4,27814.4,18144.0
943,41452.8,23878.4,28761.6,21574.4,32716.8,27891.2,27795.2,18214.4
944,41388.8,23846.4,29017.6,21619.2,32192.0,27385.6,27795.2,18291.2
945,41100.8,23411.2,28684.8,21536.0,32940.8,28518.4,27782.4,18220.8
946,41286.4,23833.6,28844.8,21612.8,32454.4,27539.2,27744.0,18240.0
947,40774.4,23737.6,28832.0,21657.6,32620.8,28019.2,27756.8,18297.6
948,40940.8,23648.0,28857.6,21708.8,32595.2,27897.6,27724.8,18348.8
949,41363.2,22796.8,28716.8,21632.0,32780.8,28396.8,27731.2,18278.4
950,40876.8,23360.0,28883.2,21798.4,32537.6,28115.2,27712.0,18406.4
951,40768.0,23488.0,28627.2,21619.2,32742.4,28147.2,27731.2,18316.8
952,40755.2,23449.6,28716.8,21619.2,32620.8,28243.2,27782.4,18534.4
953,41017.6,23225.6,28684.8,21555.2,32774.4,28243.2,27763.2,18329.6
955,41491.2,22873.6,28857.6,21651.2,32396.8,27539.2,27737.6,18297.6
956,41619.2,22252.8,28659.2,21612.8,32768.0,28320.0,27769.6,18323.2
957,41254.4,22656.0,28761.6,21606.4,32595.2,28358.4,27776.0,18348.8
958,41260.8,22521.6,28729.6,21420.8,32480.0,27916.8,27756.8,18304.0
959,41286.4,22284.8,28659.2,21593.6,32851.2,28537.6,27763.2,18329.6
960,41542.4,22336.0,28595.2,21580.8,32870.4,28288.0,27788.8,18342.4
961,41414.4,22412.8,28537.6,21376.0,32876.8,28326.4,27795.2,18464.0
962,41177.6,22368.0,28582.4,21600.0,32908.8,28531.2,27776.0,18393.6
963,41324.8,22150.4,28832.0,21632.0,32620.8,28012.8,27750.4,18336.0
964,41856.0,21964.8,28467.2,21414.4,32985.6,28435.2,27782.4,18291.2
965,42739.2,21158.4,28268.8,21260.8,33139.2,28838.4,27808.0,18470.4
966,41523.2,21958.4,28576.0,21478.4,32659.2,28166.4,27712.0,18310.4
967,41657.6,21676.8,28582.4,21536.0,32889.6,28345.6,27737.6,18387.2
968,41881.6,21753.6,28563.2,21606.4,32755.2,28153.6,27724.8,18214.4
969,41817.6,21651.2,28294.4,21382.4,32864.0,28409.6,27724.8,18470.4
970,42131.2,21337.6,28678.4,21612.8,32672.0,27955.2,27699.2,18278.4
971,40550.4,23001.6,28755.2,21689.6,32460.8,27564.8,27699.2,18368.0
972,40819.2,22496.0,28646.4,21548.8,32563.2,27801.6,27737.6,18342.4
973,40684.8,22368.0,28608.0,21702.4,32614.4,27955.2,27667.2,18329.6
974,42432.0,21075.2,28518.4,21452.8,32915.2,28345.6,27724.8,18451.2
975,41465.6,21625.6,28697.6,21683.2,32665.6,28204.8,27718.4,18316.8
976,41740.8,21504.0,28480.0,21529.6,32838.4,28160.0,27724.8,18342.4
977,41632.0,21747.2,28595.2,21587.2,32723.2,27865.6,27699.2,18259.2
978,41945.6,21337.6,28768.0,21734.4,32640.0,27750.4,27686.4,18265.6
979,41286.4,21728.0,28812.8,21721.6,32518.4,27648.0,27699.2,18323.2
980,41638.4,21369.6,28736.0,21715.2,32678.4,27833.6,27712.0,18284.8
981,41862.4,21209.6,28576.0,21523.2,32787.2,27942.4,27705.6,18336.0
982,41964.8,21331.2,28780.8,21638.4,32582.4,27571.2,27699.2,18310.4
983,42483.2,21209.6,28787.2,21728.0,32588.8,27315.2,27667.2,18201.6
984,41363.2,21657.6,28684.8,21625.6,32601.6,27641.6,27673.6,18265.6
985,41606.4,21465.6,28640.0,21638.4,32665.6,27833.6,27660.8,18278.4
986,41753.6,21324.8,28761.6,21676.8,32672.0,27462.4,27660.8,18329.6
987,42643.2,21011.2,28620.8,21555.2,32665.6,27590.4,27641.6,18380.8
988,41472.0,21177.6,28729.6,21766.4,32704.0,27840.0,27635.2,18278.4
989,42611.2,20992.0,28723.2,21734.4,32563.2,27168.0,27622.4,18259.2
990,41638.4,21504.0,28588.8,21561.6,32537.6,27539.2,27622.4,18361.6
991,42137.6,21030.4,28787.2,21900.8,32556.8,27347.2,27648.0,18259.2
992,42336.0,20960.0,28652.8,21555.2,32601.6,27545.6,27641.6,18284.8
993,41817.6,21075.2,28659.2,21862.4,32659.2,27507.2,27686.4,18272.0
994,41177.6,21152.0,28844.8,21792.0,32377.6,27417.6,27660.8,18464.0
995,42246.4,20992.0,28697.6,21568.0,32524.8,27264.0,27660.8,18284.8
996,42425.6,20601.6,28646.4,21740.8,32851.2,27872.0,27660.8,18278.4
997,41683.2,21459.2,28864.0,21868.8,32307.2,26502.4,27616.0,18297.6
998,41184.0,21702.4,28832.0,21728.0,32371.2,26880.0,27667.2,18361.6
999,41158.4,21843.2,28915.2,21804.8,32313.6,26771.2,27660.8,18412.8
1000,43097.6,21049.6,28480.0,21523.2,32755.2,27225.6,27641.6,18355.2
1001,42457.6,21030.4,28787.2,21606.4,32371.2,26694.4,27628.8,18284.8
1002,42048.0,20780.8,28768.0,21664.0,32569.6,27148.8,27622.4,18214.4
1003,41856.0,20883.2,28819.2,21721.6,32499.2,27027.2,27616.0,18336.0
1004,42886.4,20633.6,28480.0,21497.6,32934.4,27328.0,27622.4,18284.8
1005,43436.8,20640.0,28569.6,21465.6,32595.2,26662.4,27616.0,18246.4
1006,42707.2,20710.4,28640.0,21606.4,32588.8,26982.4,27616.0,18144.0
1007,42252.8,21036.8,28716.8,21651.2,32537.6,26790.4,27622.4,18265.6
1008,42764.8,21030.4,28787.2,21536.0,32435.2,26508.8,27584.0,18214.4
1009,42982.4,20544.0,28678.4,21676.8,32672.0,26630.4,27577.6,18163.2
1010,42003.2,20883.2,28716.8,21740.8,32588.8,26668.8,27558.4,18310.4
1011,42784.0,20646.4,28601.6,21600.0,32652.8,26828.8,27590.4,18214.4
1012,42150.4,20928.0,28774.4,21715.2,32518.4,26726.4,27603.2,18272.0
1013,43129.6,20556.8,28697.6,21600.0,32416.0,26169.6,27616.0,18195.2
1014,43072.0,20646.4,28736.0,21644.8,32377.6,25772.8,27628.8,18208.0
1015,43104.0,20646.4,28761.6,21689.6,32416.0,26028.8,27603.2,18201.6
1016,42284.8,20563.2,28806.4,21676.8,32601.6,26873.6,27622.4,18265.6
1017,42809.6,20467.2,28736.0,21670.4,32486.4,26560.0,27635.2,18195.2
1018,41721.6,20659.2,28838.4,21747.2,32550.4,26854.4,27648.0,18304.0
1019,42662.4,20531.2,28576.0,21420.8,32595.2,26867.2,27641.6,18246.4
1020,42188.8,20832.0,28761.6,21734.4,32448.0,26419.2,27545.6,18227.2
1021,43308.8,20441.6,28716.8,21504.0,32505.6,26342.4,27609.6,18176.0
1022,42784.0,20608.0,28652.8,21440.0,32576.0,26476.8,27596.8,18188.8
1023,43014.4,20467.2,28844.8,21580.8,32256.0,25843.2,27558.4,18124.8
1024,42048.0,20460.8,28684.8,21664.0,32550.4,26982.4,27584.0,18208.0
1025,42329.6,20678.4,28704.0,21619.2,32377.6,25798.4,27596.8,18272.0
1026,42944.0,20806.4,28710.4,21676.8,32326.4,25452.8,27558.4,18214.4
1027,42259.2,20716.8,28736.0,21593.6,32480.0,26278.4,27558.4,18272.0
1028,42694.4,20345.6,28524.8,21408.0,32531.2,26630.4,27628.8,18265.6
1029,42758.4,20371.2,28537.6,21574.4,32710.4,26464.0,27603.2,18208.0
1030,42822.4,20614.4,28723.2,21510.4,32364.8,25670.4,27622.4,18201.6
1031,42316.8,20640.0,28825.6,21728.0,32377.6,25996.8,27558.4,18220.8
1032,42259.2,20787.2,28665.6,21664.0,32595.2,26233.6,27590.4,18214.4
1033,43360.0,20204.8,28499.2,21292.8,32460.8,26188.8,27596.8,18380.8
1034,42630.4,20857.6,28825.6,21536.0,32166.4,24985.6,27609.6,18048.0
1035,42182.4,20633.6,28947.2,21664.0,32230.4,25273.6,27596.8,18195.2
1036,42636.8,20396.8,28531.2,21433.6,32550.4,26368.0,27628.8,18182.4
1037,43008.0,20147.2,28569.6,21382.4,32544.0,26464.0,27635.2,18233.6
1038,42688.0,20384.0,28588.8,21388.8,32748.8,26464.0,27648.0,18169.6
1039,42688.0,20268.8,28684.8,21401.6,32460.8,26067.2,27603.2,18214.4
1040,42886.4,20384.0,28819.2,21497.6,32198.4,25286.4,27596.8,18156.8
1041,42809.6,20300.8,28736.0,21478.4,32646.4,26054.4,27596.8,18182.4
1042,42566.4,20396.8,28646.4,21478.4,32435.2,26086.4,27596.8,18137.6
1043,42777.6,20192.0,28723.2,21555.2,32422.4,25907.2,27558.4,18144.0
1044,42246.4,20268.8,28774.4,21574.4,32352.0,25913.6,27584.0,18144.0
1045,42758.4,20198.4,28710.4,21548.8,32473.6,25632.0,27584.0,18176.0
1046,42156.8,20160.0,28736.0,21664.0,32486.4,26323.2,27577.6,18195.2
1047,42771.2,20044.8,28742.4,21689.6,32486.4,26009.6,27584.0,18220.8
1048,42796.8,20249.6,28742.4,21580.8,32364.8,25260.8,27545.6,18195.2
1049,42963.2,20243.2,28627.2,21420.8,32307.2,25446.4,27603.2,18195.2
1050,42585.6,20064.0,28723.2,21491.2,32390.4,25792.0,27577.6,18169.6
1051,43142.4,20140.8,28704.0,21568.0,32556.8,25728.0,27596.8,18208.0
1052,42732.8,20064.0,28761.6,21542.4,32454.4,25856.0,27571.2,18169.6
1053,42636.8,20134.4,28704.0,21670.4,32608.0,26035.2,27590.4,18156.8
1054,42675.2,20211.2,28576.0,21446.4,32454.4,25913.6,27590.4,18252.8
1055,42368.0,20172.8,28672.0,21612.8,32678.4,26201.6,27571.2,18195.2
1056,42976.0,20083.2,28588.8,21472.0,32582.4,25830.4,27571.2,18144.0
1057,41817.6,20262.4,28729.6,21568.0,32473.6,26272.0,27603.2,18227.2
1058,42611.2,20172.8,28748.8,21536.0,32428.8,25465.6,27552.0,18208.0
1059,42822.4,20192.0,28716.8,21472.0,32486.4,25446.4,27539.2,18099.2
1060,42656.0,20537.6,28697.6,21497.6,32281.6,24499.2,27500.8,18092.8
1061,42438.4,20236.8,28806.4,21548.8,32339.2,25504.0,27539.2,18163.2
1062,42668.8,20160.0,28633.6,21612.8,32716.8,25811.2,27539.2,18144.0
1063,42003.2,20070.4,28569.6,21401.6,32531.2,26380.8,27558.4,18240.0
1064,42060.8,20678.4,28787.2,21516.8,32256.0,24147.2,27539.2,18124.8
1065,42771.2,20313.6,28588.8,21433.6,32371.2,25171.2,27532.8,18137.6
1066,42496.0,19961.6,28652.8,21478.4,32627.2,26150.4,27564.8,18233.6
1067,42393.6,20518.4,28832.0,21587.2,32192.0,23987.2,27500.8,18067.2
1068,42636.8,20377.6,28691.2,21465.6,32499.2,25267.2,27558.4,18105.6
1069,42553.6,20230.4,28595.2,21401.6,32364.8,25273.6,27577.6,18067.2
1070,42585.6,20179.2,28755.2,21497.6,32204.8,24780.8,27564.8,18105.6
1071,42700.8,20121.6,28755.2,21420.8,32217.6,24716.8,27596.8,18099.2
1072,42611.2,20038.4,28672.0,21516.8,32544.0,25452.8,27558.4,18137.6
1073,42240.0,20921.6,28972.8,21555.2,32012.8,23136.0,27545.6,17945.6
1074,42118.4,20851.2,28838.4,21497.6,32121.6,23872.0,27558.4,17952.0
1075,42412.8,20665.6,28761.6,21459.2,32192.0,24211.2,27590.4,17977.6
1076,42163.2,20243.2,28825.6,21580.8,32256.0,24774.4,27545.6,18067.2
1077,42483.2,20326.4,28921.6,21523.2,32147.2,24499.2,27526.4,18009.6
1078,42163.2,20019.2,28704.0,21606.4,32569.6,26003.2,27545.6,18131.2
1079,42387.2,20422.4,28748.8,21491.2,32294.4,24608.0,27520.0,18035.2
1080,42387.2,20486.4,28774.4,21446.4,32211.2,24249.6,27539.2,18048.0
1081,42188.8,20294.4,28742.4,21408.0,32345.6,24595.2,27520.0,18080.0
1082,42278.4,20448.0,28883.2,21580.8,32108.8,23884.8,27520.0,17990.4
1083,42432.0,20403.2,28614.4,21337.6,32243.2,24825.6,27577.6,17996.8
1084,41939.2,20499.2,28825.6,21446.4,32192.0,24224.0,27577.6,17926.4
1085,42112.0,20377.6,28806.4,21587.2,32364.8,24620.8,27558.4,18016.0
1086,42406.4,19987.2,28755.2,21408.0,32422.4,25216.0,27584.0,18092.8
1087,42060.8,20256.0,28684.8,21344.0,32268.8,25036.8,27571.2,18124.8
1088,41996.8,20128.0,28697.6,21536.0,32441.6,25369.6,27552.0,18086.4
1089,42374.4,20441.6,28768.0,21408.0,32256.0,23916.8,27545.6,17939.2
1090,41792.0,20518.4,28787.2,21529.6,32428.8,24819.2,27552.0,18028.8
1091,41830.4,20518.4,28723.2,21574.4,32518.4,25004.8,27558.4,18067.2
1092,42284.8,20313.6,28768.0,21497.6,32352.0,24371.2,27545.6,17984.0
1093,41990.4,20838.4,28832.0,21491.2,32224.0,23635.2,27545.6,17900.8
1094,42048.0,20454.4,28620.8,21395.2,32268.8,24217.6,27539.2,17971.2
1095,41248.0,20531.2,28953.6,21580.8,32121.6,24211.2,27494.4,18144.0
1096,42233.6,21049.6,28838.4,21401.6,32166.4,22636.8,27526.4,17708.8
1097,42342.4,20211.2,28748.8,21337.6,32281.6,24800.0,27545.6,17900.8
1098,42144.0,20300.8,28697.6,21344.0,32313.6,24384.0,27500.8,18028.8
1099,42144.0,20377.6,28652.8,21408.0,32313.6,24416.0,27539.2,17932.8
1100,42150.4,20281.6,28934.4,21510.4,32128.0,23622.4,27526.4,17984.0
1101,42009.6,20569.6,28563.2,21228.8,32364.8,24313.6,27596.8,17868.8
1103,41753.6,20499.2,28736.0,21369.6,32153.6,24115.2,27577.6,17875.2
1104,41830.4,20192.0,28844.8,21427.2,32185.6,24153.6,27571.2,17964.8
1105,41644.8,20697.6,28819.2,21324.8,32172.8,23673.6,27590.4,17760.0
1106,41772.8,20793.6,28851.2,21529.6,32153.6,23078.4,27571.2,17862.4
1107,41926.4,20422.4,28460.8,21222.4,32774.4,25337.6,27616.0,18112.0
1108,41292.8,21017.6,29299.2,21459.2,31865.6,22700.8,27622.4,17574.4
1109,41529.6,20646.4,28806.4,21504.0,32147.2,24038.4,27603.2,17984.0
1110,41664.0,20518.4,28857.6,21516.8,32281.6,24051.2,27558.4,17958.4
1111,42073.6,20320.0,28736.0,21286.4,32108.8,23840.0,27603.2,17830.4
1112,42009.6,20313.6,28889.6,21376.0,32128.0,23641.6,27584.0,17862.4
1113,41664.0,20460.8,28691.2,21280.0,32153.6,24236.8,27609.6,17772.8
1114,41798.4,20384.0,28755.2,21292.8,32243.2,24358.4,27571.2,17811.2
1115,41760.0,20659.2,29017.6,21459.2,32044.8,22924.8,27552.0,17644.8
1116,41830.4,20582.4,28819.2,21369.6,32076.8,23353.6,27545.6,17753.6
1117,41312.0,20537.6,28819.2,21529.6,32256.0,24230.4,27558.4,17964.8
1118,42214.4,20384.0,28652.8,21376.0,32224.0,23552.0,27558.4,17849.6
1119,41696.0,20499.2,28800.0,21555.2,32230.4,23980.8,27539.2,17932.8
1120,41427.2,20640.0,29145.6,21574.4,31891.2,22483.2,27520.0,17939.2
1121,41619.2,21222.4,28896.0,21523.2,31980.8,22457.6,27558.4,17708.8
1122,41843.2,20780.8,28678.4,21350.4,32294.4,23545.6,27596.8,17779.2
1123,41043.2,20307.2,28780.8,21465.6,32390.4,24537.6,27558.4,18169.6
1124,41619.2,20537.6,29011.2,21286.4,32057.6,23104.0,27558.4,17632.0
1125,41376.0,20294.4,28774.4,21478.4,32268.8,24390.4,27539.2,17971.2
1126,41542.4,20268.8,28736.0,21337.6,32115.2,23769.6,27532.8,17811.2
1127,41747.2,20460.8,28627.2,21216.0,32294.4,23980.8,27577.6,17862.4
1128,41145.6,21222.4,28979.2,21472.0,32051.2,22643.2,27635.2,17580.8
1129,41657.6,20332.8,28908.8,21472.0,32172.8,23872.0,27603.2,17875.2
1130,41792.0,20256.0,28588.8,21305.6,32371.2,24518.4,27596.8,17926.4
1131,41241.6,20454.4,28806.4,21382.4,32217.6,24108.8,27616.0,17888.0
1132,41395.2,20448.0,28736.0,21420.8,32313.6,23891.2,27603.2,17881.6
1133,41427.2,20710.4,29235.2,21427.2,32012.8,22547.2,27571.2,17446.4
1134,41568.0,20492.8,28678.4,21408.0,32268.8,23641.6,27558.4,17836.8
1135,41702.4,20300.8,28844.8,21395.2,32153.6,23353.6,27558.4,17740.8
1136,41753.6,19955.2,28716.8,21337.6,32339.2,24652.8,27526.4,17945.6
1137,41516.8,20320.0,28825.6,21356.8,32134.4,23520.0,27539.2,17849.6
1138,41740.8,20230.4,28774.4,21286.4,32192.0,23718.4,27532.8,17824.0
1139,41024.0,20326.4,28953.6,21388.8,32025.6,23558.4,27539.2,17836.8
1140,40851.2,20396.8,28883.2,21350.4,32243.2,23622.4,27545.6,17824.0
1141,41145.6,20851.2,28691.2,21459.2,32403.2,24428.8,27564.8,17836.8
1142,41376.0,20569.6,28640.0,21337.6,32166.4,23500.8,27590.4,17696.0
1143,41132.8,20121.6,28704.0,21395.2,32396.8,24832.0,27571.2,18073.6
1144,40793.6,20851.2,29312.0,21382.4,31884.8,22540.8,27609.6,17344.0
1145,41452.8,20505.6,28620.8,21312.0,32384.0,23891.2,27616.0,17734.4
1146,41331.2,20486.4,28665.6,21299.2,32364.8,23987.2,27616.0,17875.2
1147,41196.8,20339.2,28787.2,21292.8,31980.8,23283.2,27609.6,17542.4
1148,41241.6,20288.0,28838.4,21356.8,32236.8,23667.2,27596.8,17760.0
1149,40576.0,20390.4,28844.8,21286.4,32070.4,24262.4,27622.4,17798.4
1150,40012.8,21657.6,29536.0,21536.0,32051.2,22240.0,27609.6,17241.6
1151,40972.8,20646.4,28736.0,21286.4,32236.8,23718.4,27584.0,17702.4
1152,41414.4,20185.6,28646.4,21318.4,32364.8,24313.6,27558.4,17817.6
1153,41420.8,20768.0,28614.4,21241.6,32307.2,23065.6,27571.2,17625.6
1154,39852.8,21248.0,29779.2,21593.6,31974.4,22067.2,27616.0,17459.2
1155,40915.2,20870.4,28646.4,21369.6,32243.2,22777.6,27577.6,17696.0
1156,41152.0,20339.2,28864.0,21267.2,32070.4,23027.2,27584.0,17465.6
1157,41088.0,20620.8,28998.4,21440.0,31974.4,22412.8,27558.4,17593.6
1158,41216.0,20115.2,28800.0,21344.0,32115.2,23398.4,27571.2,17702.4
1159,40550.4,20275.2,28761.6,21478.4,32179.2,23987.2,27564.8,17945.6
1160,40857.6,20416.0,28691.2,21222.4,32172.8,23718.4,27616.0,17625.6
1161,40345.6,21254.4,29139.2,21382.4,32089.6,22220.8,27641.6,17356.8
1162,41382.4,20012.8,28761.6,21478.4,32256.0,23878.4,27564.8,17862.4
1163,41190.4,20435.2,28832.0,21260.8,32172.8,22809.6,27635.2,17561.6
1164,40857.6,20204.8,28819.2,21446.4,32294.4,24006.4,27609.6,17849.6
1165,40876.8,19980.8,29068.8,21344.0,31827.2,23174.4,27590.4,17574.4
1166,41209.6,20576.0,28652.8,21216.0,32198.4,22918.4,27628.8,17657.6
1167,40761.6,20652.8,29401.6,21401.6,32012.8,22163.2,27609.6,17356.8
1168,40044.8,21164.8,29900.8,21516.8,31961.6,22099.2,27616.0,17248.0
1169,40851.2,21292.8,28812.8,21408.0,32070.4,22131.2,27641.6,17382.4
1170,40416.0,20364.8,28800.0,21408.0,32108.8,23795.2,27584.0,17830.4
1171,40358.4,21062.4,28972.8,21510.4,31987.2,22182.4,27584.0,17670.4
1172,40582.4,21139.2,28691.2,21376.0,32281.6,22419.2,27584.0,17510.4
1173,40281.6,21004.8,29139.2,21484.8,31993.6,21939.2,27584.0,17670.4
1174,41324.8,20275.2,28556.8,21113.6,32409.6,23936.0,27641.6,17696.0
1175,40544.0,20531.2,29081.6,21420.8,32096.0,22361.6,27577.6,17593.6
1176,41068.8,20153.6,28780.8,21344.0,32051.2,23251.2,27558.4,17683.2
1177,40665.6,20633.6,28921.6,21446.4,32115.2,22419.2,27596.8,17587.2
1178,40556.8,20384.0,28851.2,21414.4,32160.0,22675.2,27590.4,17708.8
1179,41081.6,20364.8,28857.6,21331.2,32160.0,22547.2,27609.6,17452.8
1180,40480.0,20652.8,28838.4,21318.4,32153.6,23225.6,27603.2,17600.0
1181,40531.2,20908.8,28550.4,21376.0,32243.2,23404.8,27641.6,17772.8
1182,40793.6,20281.6,29145.6,21376.0,31993.6,22585.6,27603.2,17612.8
1183,40531.2,20345.6,28832.0,21395.2,32217.6,23769.6,27622.4,17772.8
1184,40364.8,20966.4,28851.2,21446.4,32147.2,22406.4,27616.0,17625.6
1185,40960.0,20512.0,28665.6,21286.4,32224.0,22764.8,27616.0,17542.4
1186,40025.6,20992.0,29248.0,21600.0,31948.8,22297.6,27667.2,17452.8
1187,40352.0,20524.8,29280.0,21529.6,31897.6,22118.4,27584.0,17529.6
1188,40044.8,20588.8,29190.4,21312.0,32038.4,22508.8,27590.4,17606.4
1189,40998.4,20166.4,28844.8,21228.8,32147.2,22707.2,27552.0,17561.6
1190,40345.6,20492.8,29177.6,21484.8,31987.2,22080.0,27571.2,17542.4
1191,40627.2,20473.6,28947.2,21388.8,32025.6,22521.6,27571.2,17382.4
1192,40768.0,20236.8,28755.2,21260.8,32140.8,22579.2,27584.0,17491.2
1193,41004.8,20198.4,28640.0,21312.0,32268.8,23078.4,27590.4,17619.2
1194,40844.8,20032.0,28723.2,21280.0,32102.4,22956.8,27571.2,17606.4
1195,40729.6,20198.4,28940.8,21382.4,32128.0,22649.6,27628.8,17510.4
1196,40083.2,20716.8,29286.4,21536.0,31993.6,21888.0,27628.8,17600.0
1197,40492.8,20096.0,28844.8,21344.0,32217.6,22860.8,27584.0,17606.4
1198,40729.6,20064.0,28876.8,21228.8,32089.6,22982.4,27622.4,17324.8
1199,40153.6,20339.2,29696.0,21459.2,31974.4,22259.2,27648.0,17286.4
1200,40288.0,19782.4,28556.8,21356.8,32505.6,24736.0,27622.4,17900.8
1201,40761.6,19987.2,28467.2,21158.4,32358.4,23923.2,27622.4,17657.6
1202,40505.6,19827.2,28691.2,21273.6,32198.4,23577.6,27571.2,17792.0
1203,40659.2,20102.4,29049.6,21427.2,32000.0,22419.2,27584.0,17510.4
1204,40064.0,20556.8,29651.2,21491.2,31910.4,22086.4,27648.0,17344.0
1205,40537.6,20179.2,28467.2,21209.6,32512.0,24281.6,27596.8,17715.2
1206,40294.4,20499.2,29190.4,21459.2,31923.2,22022.4,27616.0,17516.8
1207,40704.0,19955.2,28608.0,21267.2,32384.0,24140.8,27571.2,17715.2
1208,40256.0,20524.8,29619.2,21478.4,31923.2,21945.6,27596.8,17260.8
1209,40672.0,20294.4,28992.0,21433.6,31987.2,22118.4,27571.2,17427.2
1210,40332.8,20377.6,29382.4,21427.2,32083.2,21971.2,27577.6,17408.0
1211,40435.2,20352.0,28659.2,21478.4,32345.6,23270.4,27590.4,17779.2
1212,40473.6,19948.8,28902.4,21305.6,32012.8,22547.2,27584.0,17542.4
1213,40121.6,20057.6,28870.4,21209.6,32057.6,23526.4,27635.2,17427.2
1214,40268.8,20313.6,29171.2,21408.0,32051.2,22182.4,27667.2,17350.4
1215,40332.8,19852.8,28678.4,21267.2,32332.8,24108.8,27635.2,17708.8
1216,40953.6,19756.8,28716.8,21216.0,32179.2,22822.4,27622.4,17561.6
1217,40588.8,19872.0,29171.2,21388.8,32057.6,22252.8,27635.2,17382.4
1218,40588.8,20134.4,28979.2,21459.2,32032.0,22592.0,27622.4,17324.8
1219,40595.2,20416.0,28640.0,21286.4,32262.4,22713.6,27667.2,17401.6
1220,40582.4,20115.2,28787.2,21363.2,32243.2,22592.0,27596.8,17497.6
1221,40140.8,20179.2,29216.0,21280.0,31968.0,22784.0,27616.0,17267.2
1222,40448.0,20147.2,29164.8,21299.2,31904.0,22336.0,27660.8,17273.6
1223,40384.0,19891.2,28588.8,21113.6,32192.0,23667.2,27641.6,17574.4
1224,40633.6,19628.8,28684.8,21222.4,32339.2,23398.4,27590.4,17632.0
1225,40588.8,19744.0,28550.4,21216.0,32403.2,23865.6,27590.4,17715.2
1226,40275.2,20096.0,29094.4,21350.4,31942.4,22233.6,27577.6,17331.2
1227,40121.6,20332.8,29331.2,21363.2,31987.2,21888.0,27577.6,17376.0
1228,40435.2,19980.8,28902.4,21356.8,31980.8,22105.6,27603.2,17568.0
1229,40428.8,19731.2,28748.8,21504.0,32147.2,22489.6,27513.6,17932.8
1230,40422.4,19718.4,29024.0,21363.2,32000.0,22163.2,27564.8,17555.2
1231,40595.2,19686.4,28704.0,21273.6,32064.0,22899.2,27603.2,17574.4
1232,40345.6,19692.8,29036.8,21260.8,31846.4,22323.2,27603.2,17305.6
1233,40236.8,19635.2,28870.4,21376.0,31968.0,22726.4,27558.4,17696.0
1234,39814.4,20172.8,29356.8,21504.0,31942.4,21843.2,27603.2,17440.0
1235,40051.2,20128.0,28780.8,21555.2,32032.0,22054.4,27564.8,17798.4
1236,40396.8,20115.2,28723.2,21318.4,32102.4,22304.0,27603.2,17529.6
1237,40224.0,19763.2,28742.4,21209.6,32262.4,23161.6,27590.4,17504.0
1238,40870.4,19488.0,28595.2,21196.8,32275.2,23526.4,27603.2,17574.4
1239,40569.6,19724.8,28614.4,21228.8,32275.2,23616.0,27609.6,17574.4
1240,39993.6,19968.0,29017.6,21408.0,31968.0,22060.8,27577.6,17555.2
1241,40620.8,19500.8,28531.2,21235.2,32211.2,23724.8,27590.4,17657.6
1242,40089.6,20320.0,29017.6,21491.2,31865.6,21964.8,27628.8,17286.4
1243,39865.6,20192.0,28748.8,21286.4,32070.4,22579.2,27603.2,17446.4
1244,40486.4,19635.2,28672.0,21350.4,32256.0,23219.2,27577.6,17568.0
1245,40633.6,19424.0,28768.0,21305.6,32000.0,22656.0,27545.6,17606.4
1246,40384.0,19462.4,28563.2,21228.8,32217.6,23744.0,27577.6,17638.4
1247,40262.4,19584.0,28416.0,21171.2,32288.0,24012.8,27552.0,17644.8
1248,40416.0,19744.0,29126.4,21324.8,31974.4,22035.2,27584.0,17446.4
1249,40460.8,19635.2,28832.0,21356.8,31993.6,22201.6,27571.2,17593.6
1251,40089.6,19321.6,28857.6,21376.0,32012.8,23142.4,27564.8,17657.6
1252,40499.2,19392.0,28736.0,21260.8,32211.2,22707.2,27564.8,17580.8
1253,39808.0,19596.8,29638.4,21427.2,31942.4,22144.0,27622.4,17395.2
1254,40473.6,19539.2,29004.8,21286.4,32070.4,22214.4,27596.8,17561.6
1255,40044.8,19328.0,28768.0,21350.4,32275.2,24038.4,27584.0,17753.6
1256,39993.6,19705.6,29190.4,21523.2,31820.8,22054.4,27596.8,17542.4
1257,40377.6,19571.2,29203.2,21401.6,32038.4,22233.6,27590.4,17452.8
1258,40288.0,19622.4,29004.8,21312.0,32051.2,22060.8,27596.8,17452.8
1259,40352.0,19539.2,29024.0,21388.8,31987.2,22009.6,27622.4,17446.4
1260,40307.2,19558.4,28704.0,21216.0,32140.8,23033.6,27654.4,17318.4
1261,40352.0,19494.4,29049.6,21292.8,31987.2,22099.2,27641.6,17459.2
1262,40256.0,19795.2,29100.8,21446.4,31968.0,21817.6,27609.6,17619.2
1263,40192.0,19494.4,28780.8,21286.4,32102.4,23270.4,27603.2,17587.2
1264,40524.8,19500.8,28825.6,21228.8,32153.6,22643.2,27596.8,17420.8
1265,40460.8,19321.6,28768.0,21344.0,32115.2,23200.0,27539.2,17683.2
1266,39968.0,19584.0,28992.0,21356.8,32083.2,22214.4,27532.8,17587.2
1267,39872.0,19974.4,29324.8,21408.0,31936.0,21964.8,27584.0,17241.6
1268,40108.8,19654.4,28902.4,21369.6,32025.6,22291.2,27564.8,17529.6
1269,40320.0,19494.4,28633.6,21292.8,32332.8,23193.6,27584.0,17580.8
1270,40115.2,19622.4,28774.4,21356.8,32070.4,22835.2,27603.2,17465.6
1271,39865.6,20083.2,28908.8,21395.2,32134.4,22316.8,27584.0,17273.6
1272,39929.6,19884.8,28787.2,21414.4,31974.4,22118.4,27609.6,17452.8
1273,40236.8,19366.4,28550.4,21222.4,32089.6,23398.4,27628.8,17497.6
1274,40108.8,19443.2,28627.2,21356.8,32313.6,23443.2,27558.4,17708.8
1275,40128.0,19628.8,28838.4,21324.8,32051.2,22451.2,27596.8,17401.6
1276,40633.6,19571.2,28467.2,21228.8,32153.6,22636.8,27628.8,17248.0
1277,40352.0,19404.8,28601.6,21203.2,32294.4,23219.2,27654.4,17420.8
1278,39596.8,19244.8,28499.2,21260.8,32755.2,25152.0,27590.4,17728.0
1279,38048.0,20204.8,29977.6,21862.4,31641.6,22284.8,27692.8,17523.2
1280,40236.8,19385.6,28524.8,21286.4,32403.2,23526.4,27596.8,17702.4
1281,39955.2,19532.8,28844.8,21312.0,32044.8,22355.2,27552.0,17516.8
1282,40172.8,19596.8,29280.0,21267.2,31865.6,22195.2,27564.8,17132.8
1283,40096.0,19840.0,28665.6,21414.4,32134.4,22457.6,27584.0,17600.0
1284,40096.0,19987.2,28659.2,21344.0,32032.0,21868.8,27603.2,17324.8
1285,40076.8,19878.4,28729.6,21331.2,32083.2,22150.4,27622.4,17401.6
1286,40204.8,19468.8,28441.6,21222.4,32275.2,23481.6,27596.8,17504.0
1287,39827.2,20076.8,28793.6,21465.6,31955.2,21977.6,27635.2,17446.4
1288,40147.2,19750.4,28908.8,21382.4,32006.4,22176.0,27622.4,17356.8
1289,40313.6,19897.6,28844.8,21350.4,32025.6,22112.0,27622.4,17305.6
1290,39865.6,19475.2,28454.4,21222.4,32505.6,24467.2,27641.6,17574.4
1291,39776.0,19974.4,29158.4,21427.2,31763.2,21952.0,27654.4,17203.2
1292,39974.4,19500.8,29222.4,21388.8,32089.6,22182.4,27622.4,17408.0
1293,40358.4,19417.6,28710.4,21286.4,32089.6,22726.4,27616.0,17465.6
1294,39392.0,19916.8,29555.2,21587.2,31955.2,21939.2,27673.6,17235.2
1295,40236.8,19737.6,28614.4,21401.6,32326.4,22720.0,27622.4,17504.0
1296,39750.4,19827.2,29145.6,21376.0,32070.4,22144.0,27654.4,17267.2
1297,40211.2,19411.2,28972.8,21420.8,31936.0,22060.8,27622.4,17561.6
1298,39488.0,19872.0,29465.6,21484.8,31833.6,22041.6,27680.0,17152.0
1299,39961.6,19616.0,28966.4,21312.0,32204.8,22368.0,27654.4,17420.8
1300,39788.8,20128.0,29203.2,21510.4,31955.2,22131.2,27660.8,17171.2
1301,40262.4,19744.0,28595.2,21216.0,32108.8,22579.2,27660.8,17273.6
1302,40121.6,19980.8,28646.4,21318.4,32012.8,22240.0,27654.4,17254.4
1303,39769.6,19948.8,28480.0,21292.8,32083.2,22611.2,27654.4,17388.8
1304,39558.4,19878.4,28966.4,21472.0,32051.2,21996.8,27635.2,17612.8
1305,39955.2,20000.0,28908.8,21414.4,31980.8,21964.8,27628.8,17190.4
1306,39840.0,19545.6,28672.0,21273.6,32128.0,23148.8,27616.0,17484.8
1307,39500.8,19916.8,28928.0,21484.8,31993.6,21785.6,27654.4,17510.4
1308,39532.8,19987.2,29043.2,21542.4,31948.8,21843.2,27699.2,17497.6
1309,40025.6,19417.6,28934.4,21369.6,31916.8,22355.2,27641.6,17369.6
1310,39987.2,19737.6,28755.2,21420.8,32121.6,22112.0,27648.0,17408.0
1311,39827.2,19763.2,28588.8,21331.2,32179.2,22508.8,27654.4,17414.4
1312,40032.0,19296.0,28742.4,21260.8,32128.0,22592.0,27648.0,17299.2
1313,39436.8,19840.0,28998.4,21465.6,32012.8,21862.4,27641.6,17299.2
1314,40268.8,19884.8,28633.6,21267.2,32032.0,22291.2,27635.2,17088.0
1315,39776.0,19884.8,29011.2,21478.4,31891.2,21830.4,27744.0,17254.4
1316,39404.8,20012.8,29164.8,21670.4,32051.2,21862.4,27705.6,17484.8
1317,39270.4,19936.0,29216.0,21536.0,32153.6,21984.0,27635.2,17587.2
1318,39635.2,19891.2,29036.8,21420.8,31961.6,21862.4,27667.2,17350.4
1319,39936.0,19936.0,28851.2,21388.8,31904.0,21977.6,27635.2,17209.6
1320,39584.0,19859.2,29388.8,21600.0,31763.2,21696.0,27660.8,17260.8
1321,40268.8,19827.2,28710.4,21408.0,31993.6,22182.4,27654.4,17145.6
1322,40204.8,19340.8,28531.2,21286.4,32172.8,22854.4,27628.8,17414.4
1323,39884.8,19584.0,28710.4,21516.8,32051.2,22214.4,27590.4,17670.4
1324,39763.2,19884.8,28947.2,21459.2,31859.2,21817.6,27648.0,17241.6
1325,38700.8,19929.6,29337.6,21651.2,31878.4,22361.6,27667.2,17420.8
1326,39065.6,19897.6,29587.2,21612.8,31987.2,21830.4,27686.4,17420.8
1327,38854.4,20134.4,29491.2,21689.6,31955.2,21804.8,27705.6,17388.8
1328,38041.6,20243.2,29452.8,21689.6,31878.4,22828.8,27756.8,17369.6
1329,39840.0,19814.4,28825.6,21382.4,32115.2,22092.8,27686.4,17286.4
1330,39769.6,19865.6,28921.6,21484.8,31865.6,21907.2,27667.2,17254.4
1331,39782.4,19756.8,29120.0,21516.8,31865.6,21926.4,27692.8,17260.8
1332,38796.8,20012.8,29414.4,21632.0,32000.0,21875.2,27699.2,17440.0
1333,39308.8,20051.2,29024.0,21510.4,32108.8,22118.4,27737.6,17388.8
1334,39552.0,19686.4,28972.8,21510.4,31884.8,22022.4,27686.4,17574.4
1335,39014.4,19910.4,29849.6,21619.2,32019.2,21900.8,27692.8,17292.8
1336,39040.0,20038.4,29203.2,21625.6,31923.2,22054.4,27705.6,17376.0
1337,39564.8,19750.4,29324.8,21561.6,32096.0,21734.4,27680.0,17376.0
1338,38982.4,20006.4,28992.0,21536.0,31827.2,22092.8,27654.4,17446.4
1339,40281.6,19609.6,28563.2,21292.8,32300.8,22419.2,27648.0,17401.6
1340,39104.0,20051.2,29363.2,21587.2,31865.6,21740.8,27692.8,17305.6
1341,39776.0,19686.4,28595.2,21356.8,32140.8,22790.4,27680.0,17318.4
1342,39974.4,19526.4,28480.0,21408.0,32320.0,22451.2,27596.8,17510.4
1343,38758.4,20025.6,29120.0,21651.2,31814.4,21798.4,27667.2,17491.2
1344,38060.8,20076.8,29907.2,21792.0,31699.2,22214.4,27692.8,17267.2
1345,38707.2,20057.6,29798.4,21715.2,31840.0,21843.2,27718.4,17331.2
1346,39616.0,19692.8,29075.2,21459.2,31859.2,21772.8,27680.0,17408.0
1347,38803.2,19891.2,29792.0,21836.8,31731.2,21926.4,27712.0,17318.4
1348,37952.0,20044.8,29670.4,21920.0,31692.8,22086.4,27731.2,17568.0
1349,39788.8,19808.0,28563.2,21420.8,31974.4,22201.6,27673.6,17100.8
1350,38720.0,20083.2,29587.2,21779.2,31724.8,21811.2,27750.4,17248.0
1351,38137.6,20134.4,29702.4,21766.4,31686.4,22240.0,27699.2,17088.0
1352,39424.0,19814.4,28992.0,21433.6,31987.2,21881.6,27737.6,17305.6
1353,38956.8,20076.8,29299.2,21612.8,31961.6,21817.6,27712.0,17196.8
1354,39283.2,19955.2,29241.6,21510.4,31916.8,21843.2,27712.0,17228.8
1355,37945.6,20006.4,29728.0,21702.4,31667.2,22227.2,27737.6,17356.8
1356,38457.6,19993.6,29964.8,21644.8,31814.4,21977.6,27667.2,17100.8
1357,39552.0,19628.8,28691.2,21452.8,31955.2,22131.2,27673.6,17420.8
1358,38054.4,20057.6,30035.2,21779.2,31622.4,22054.4,27718.4,17337.6
1359,39494.4,19488.0,28192.0,21184.0,32652.8,24102.4,27660.8,17472.0
1360,39161.6,19660.8,28864.0,21414.4,31936.0,22732.8,27667.2,17196.8
1361,39488.0,19724.8,28953.6,21478.4,31974.4,22035.2,27667.2,17203.2
1362,39424.0,19820.8,28966.4,21504.0,31814.4,21920.0,27673.6,17152.0
1363,39270.4,19878.4,28684.8,21504.0,32089.6,21958.4,27718.4,17452.8
1364,39219.2,19539.2,29612.8,21670.4,31756.8,22022.4,27718.4,17241.6
1365,38547.2,19833.6,29926.4,21728.0,31673.6,21913.6,27705.6,17235.2
1366,38732.8,19814.4,29030.4,21657.6,31961.6,21779.2,27686.4,17472.0
1367,38400.0,18617.6,28057.6,22464.0,32806.4,25241.6,27852.8,17843.2
